ServiceName,ServiceAddress,Suburb,State,Post Code,Phone Number,Email Address,Website,Fees,Disposable Nappies,Cloth Nappies,Food,Hours,Age,Bus service,Air conditioning
Queensland Child Care Services Woodlands Early Education Centre,Cnr Jarvis & High Rd,Waterford West,QLD,4133,07 3386 1437,woodlands@qccs.com.au,http://www.qccs.com.au/skins/qccs/pages/centredetails.aspx?code=33&name=Woodlands+Early+Education+Centre,76,N,N,Y,6:00am - 6:00pm,0 months - 12 years,,,,
The Village I Early Learning Centre,104 Holmead Rd,Eight Mile Plains,QLD,4113,07 3851 0699,management@thevillageelc.com.au,http://www.thevillageelc.com.au/,67,N,N,Y,7:00am - 6:00pm,15 months - 5 years,N,,,
The Village II Early Learning Centre,83 Holmead Rd,Eight Mile Plains,QLD,4113,07 38418855,management@thevillageelc.com.au,http://www.thevillageelc.com.au/,67,N,N,Y,7:00am - 6:00pm,15 months - 5 years,N,,,
Footprints Sunnybank Child Care Centre,357 Beenleigh Rd,Sunnybank,QLD,4109,07 32994594,,,,,,,6:30am - 6:15pm,,,,,
123 Grow,12 Croydon Rd,Logan Central,QLD,4114,07 32977583,info@123grow.biz,www.123grow.com.au,64.5,,,,6:30am - 6:30pm,6 weeks - 5 years,,,,
A Busy Beehive Alexandra Hills,2 Glover Drv,Alexandra Hills,QLD,4161,07 38245929,rogerramjet02@hotmail.com,,66,Y,N,N,6:30am - 6:15pm,13 months - 4 years,,,,
AbleCare Early Learning Centre,10 Station Rd,Burpengary,QLD,4505,07 38889979,childcare@ablecare.com.au,http://www.ablecarekids.info/,,,,,6:00am - 6:00pm,15 months - 12 years,,,,
Acacia Ridge Child Care Centre,7 Mannington Rd,Acacia Ridge,QLD,4110,07 32556699,,,,,,,,,,,,
Active Kids Early Learning Centre,76 Anzac Ave,Hillcrest,QLD,4118,07 38008100,kazmo5@hotmail.com,,,,,,,,,,,
Adeona Early Exploration Centre,1218 Stanley St East,Coorparoo,QLD,4151,07 38432188,info@adeona.com.au,,,,,,,,,,,
Algester Child Care and Preschool Centre,57 Endiandra St,Algester,QLD,4115,07 32735809,,,,,,,,,,,,
Algester- Peppercorn Child Care Centre.,57 Endiandra St,Algester,QLD,4115,07 32735809,,,,,,,,,,,,
All About Kids Early Learning Centre,233 Fryar Rd,Eagleby,QLD,4207,07 38018823,,,,,,,,,,,,
Alphabet Garden Child Care Centre,336 Elizabeth Ave,Clontarf Beach,QLD,4019,07 38832230,,www.alphabet.gardenchildcare.com,,,,,,,,,,
Ariel Childcare Centre & Pre-School,4-6 Ariel Ave,Kingston,QLD,4114,07 38085658,,,,,,,,,,,,
Arlington Drive Premium Childcare,1 Arlington Drv,Arana Hills,QLD,4054,07 38511250,,,,,,,,,,,,
Arnwood Place Community Child Care Centre,21 Arnwood Pl,Annerley,QLD,4103,07 38923408,,,,,,,,,,,,
Ascot Early Childhood,9 Alexandra Rd,Ascot,QLD,4007,07 32684377,,,,,,,,,,,,
Ascot Hendra Child Care & Nursery Centre,16 - 30 Manson Rd,Hendra,QLD,4011,07 32164113,,,,,,,,,,,,
Ascot Hendra Child Care Centre,16 - 20 Manson Rd,Hendra,QLD,4011,07 32164113,,,,,,,,,,,,
Aspley Early Learning Centre,605 Robinson Rd,Aspley,QLD,4034,07 32636104,aelc@bigpond.net.au,www.aspleyearlylearning.com,,,,,,,,,,
Aspley East Kindergarten And Pre-School Association Inc,12 Clorane St West,Aspley,QLD,4034,07 32633292,aspleyeast@optusnet.com.au,,,,,,,,,,,
Aspley Preschool,748 Robinson Rd,Aspley,QLD,4034,07 32631020,,,,,,,,,,,,
Auskids Learning,77 Bunker Road,Victoria Point,QLD,4165,07 32070344,victoriapoint@auskids.com.au,www.auskids.com.au,,,,,,,,,,
Auskids Learning,188 South St,Thornlands,QLD,4164,07 32861244,,,,,,,,,,,,
Aussie Adventures Educational Centres,161 Park Ridge Rd,Park Ridge,QLD,4125,07 38033155,rpitts@hacer.com.au,www.hacer.com.au,,,,,,,,,,
Avenue's Child Care Tricia's Playschool Cannon Hill,Cnr Southgate Ave & Corporate Drv,Cannon Hill,QLD,4170,07 33991233,tricia@avchildcare.com.au,http://avenueschildcare.com.au/locations/cannon-hill/,90.5,N,N,S,7:00am - 6:00pm,6 weeks to 5 years,N,,,
Avenues Early Learning Centre Sunnybank Hills,Cnr Jackson Rd & Beaudesert Rd,Sunnybank Hills,QLD,4109,07 32761222,,,,,,,,,,,,
Avenues Early Learning Centre Norman Park,117 Agnew St,Norman Park,QLD,4170,07 38996000,,,,,,,,,,,,
Avenues Early Learning Centre Bowen Hills,45 Folkestone St,Bowen Hills,QLD,4006,07 38524666,,,,,,,,,,,,
Bald Hills Child Care Centre,2041 Gympie Rd,Bald Hills,QLD,4036,07 32616991,bhcc1@live.com.au,,,,,,,,,,,
Bambi Child Care,19 Dornie Pl,Fig Tree Pocket,QLD,4069,07 33782298,,,,,,,,,,,,
Bambini Early Childhood Development - Brisbane,33 Mt Cotton Road,Capabala,QLD,4157,07 3245 3055,capalaba@bambiniecd.com.au,,,,,,,,,,,
Banyo Early Learning Academy,Cnr Royal Pde & St Vincents Rd,Banyo,QLD,4014,07 32676480,,,,,,,,,,,,
Bay Cottage & Bay View Early Learning Centres,477 Old Cleveland Rd East,Birkdale,QLD,4159,07 38224444,,,,,,,,,,,,
Bay House Early Education,120 Princess St,Cleveland,QLD,4163,07 38214744,,,,,,,,,,,,
Bay Island Early Learning & Care Pty Ltd,72 High Central Rd,Macleay Island,QLD,4184,07 34094433,,,,,,,,,,,,
Bayside College Early Childhood Centre,29 Windemere Rd,Alexandra Hills,QLD,4161,07 38245633,,,,,,,,,,,,
Bayside Kids Education Centre,121 Cross St,Deception Bay North,QLD,4508,07 32049755,,,,,,,,,,,,
Bayside Park Early Education Centre,16 Weippin St,Cleveland,QLD,4163,07 34880180,,,,,,,,,,,,
Beehive Kindy,15 Pikett St,Clontarf Beach,QLD,4019,07 38832668,beef@westnet.com.au,,,,,,,,,,,
Bellbowrie Early Education Centre,Cnr Church & Kangaroo Gully Rd,Bellbowrie,QLD,4070,07 32029100,,,,,,,,,,,,
Belmont Child Care & Kindergarten Centre,Cnr Thurston St & Belmont Rd,Belmont,QLD,4153,07 33905797,bcckc@telstra.com,,,,,,,,,,,
Bethania Early Education Centre,66 Station Rd,Bethania,QLD,4205,07 38051375,,,,,,,,,,,,
Bimbadeen Drive Child Care Centre,1-3 Bimbadeen Drive,Loganholme,QLD,4129,07 3801 3644,,http://www.tanahmerahchildcare.com.au/,,N,N,Y,6:30am - 6:30pm,15 months - 12 years,N,Y,,
Birdwood Childrens Development and Care.,197 Birdwood Rd,Tarragindi,QLD,4121,07 33942830,,,,,,,,,,,,
Birkdale Early Childhood & Development Centre,435 Old Cleveland Road East,Birkdale,QLD,4159,07 38225933,,,,,,,,,,,,
Birkdale South Children's Centre,20 Barron Rd,Birkdale,QLD,4159,07 38222451,bsccc@bigpond.net.au,,,,,,,,,,,
Blackwood Street Child Care Centre,Blackwood St,Mitchelton,QLD,4053,07 33541244,admin.mcpa@optusnet.com.au,,,,,,,,,,,
Blackwood Street Child Centre,117 Blackwood St,Mitchelton,QLD,4053,07 38551521,admin.mcpa@optusnet.com.au,,,,,,,,,,,
Boondall Early Learning Centre,2345 Sandgate Rd,Boondall,QLD,4034,07 38653323,,,,,,,,,,,,
Boronia Child Care Centre,"Griffith University, Recreation Rd",Nathan,QLD,4111,07 37355353,,,,,,,,,,,,
Boronia Heights Children's Centre,118 MacKellar Drv,Boronia Heights,QLD,4124,07 38008918,,,,,,,,,,,,
Bracken Ridge Child Care & Education Centre,174 Norris Rd,Bracken Ridge,QLD,4017,07 32613825,,,,,,,,,,,,
Bribie Island Child Care Centre,"13 Third Ave, Bongaree",Bribie Island,QLD,4507,07 34080666,,,,,,,,,,,,
Bribie Island Child Care Centre.,13 Third Ave,Bongaree,QLD,4507,07 34080666,,,,,,,,,,,,
Bright Beginnings Child Edu-Care Centre,687 Hamilton Rd,Chermside West,QLD,4032,07 33504300,,,,,,,,,,,,
Bright Horizons Australia Childcare,2 Lipscombe Rd,Deception Bay,QLD,4508,07 32032999,,,,,,,,,,,,
Bright Horizons Childcare & Pre-School Centre,Graham Rd,Morayfield,QLD,4506,07 54979900,,,,,,,,,,,,
Bright Start Child Care Centre,4 Buckley Drv,Drewvale,QLD,4116,07 38006566,,,,,,,,,,,,
Bright Start Child Care Centre,50 - 54 Paradise Rd,Slacks Creek,QLD,4127,07 33860870,,,,,,,,,,,,
Brighton Child Care & Preschool Centre The,10 Nathan St,Brighton,QLD,4017,07 32691242,,,,,,,,,,,,
Brighton Rd Child Care,Brighton Rd,Brighton,QLD,4017,07 32691937,,,,,,,,,,,,
Brisbane Adventist College Early Learning Centre,303A Broadwater Rd,Mansfield,QLD,4122,07 3347 6403,elc@bac.qld.edu.au,,,,,,,,,,,
Brisbane Christian College Pre-Prep Centre,28 Rookwood Avenue,Coopers Plains,QLD,4108,07 3719 3111,ltanzer@brisbanechristiancollege.com.au,,,,,,,,,,,
Brisbane City Child Care,86 Astor Tce,Brisbane,QLD,4000,07 38321219,bccc1@bigpond.net.au,www.bccc.net.au,,,,,,,,,,
Brookfield Early Childhood Centre,593 Brookfield Rd,Brookfield,QLD,4069,07 33740689,,,,,,,,,,,,
Brookside Child Care Centre,180 Osborne St,Mitchelton,QLD,4053,07 33555455,brookside@kal.net.au,www.brookspoolsandspas.com,,,,,,,,,,
Browns Plains Child Care Centre,5 Trebeck St,Browns Plains,QLD,4118,07 38004981,admin@bpccc.com,,,,,,,,,,,
Building Blocks Childcare Centre,33 Brae St,Wavell Heights,QLD,4012,07 36305444,,www.buildingblocks.net.au,,,,,,,,,,
Building Blocks Early Education Cetre,15 High St,Forest Lake,QLD,4078,07 37237788,forest@buildingblocks.net.au,www.buildingblocks.net.au,,,,,,,,,,
Building Futures Montessori,33 Brae St,Wavell Heights,QLD,4012,07 36305444,wavellheights@buildingfutures.com.au,,,,,,,,,,,
Building Futures Montessori,15 High St,Forest Lake,QLD,4078,07 33728652,forestlake@buildingblocks.com.au,www.buildingfutures.com.au,,,,,,,,,,
Bumper Bears Early Learning Centre,401 Elizabeth Ave,Kippa-Ring,QLD,4021,07 32837700,,www.bumperbears.com.au,,,,,,,,,,
Burpengary Babyland,3 Joyce St,Burpengary,QLD,4505,07 38885511,,,,,,,,,,,,
Burpengary Meadows Childcare Educentre.,Cnr Rowley Rd & Laurel Drive,Burpengary,QLD,4505,07 38867094,,,,,,,,,,,,
Burpengary Prep & Creche,6- 10 David St,Burpengary,QLD,4505,07 38885566,prep@burpengarychildcare.com,www.burpengarychildcare.com,,,,,,,,,,
Butterfly Childcare,399 Manly Rd,Manly West,QLD,4179,07 39066500,info@butterflychildcare.com.au,www.butterflychildcare.com.au,,,,,,,,,,
C & K Wagner Rd Early Childhood Centre,32 Wagner Rd,Clayfield,QLD,4011,07 32626580,wagnerrdeccandk@bigpond.com,http://www.candk.asn.au/wagnerroad,,N,N,Y,8:00 - 3:30pm,15 months - 5 years,,,,
C & K Yuingi Community Child Care Centre,113 Cliveden Ave,Oxley,QLD,4075,07 32782092,,,,,,,,,,,,
C & K Yuingi Community Childcare Centre,113 Cliveden Ave,Oxley,QLD,4075,07 3278 2092,yuingi@candk.asn.au,7.00am to 6.00pm,85.3,,,Y,7.00am to 6.00pm,,,,,
C&K Caboolture Tafe,54 Bradman St,Caboolture,QLD,4510,07 54983542,,,,,,,,,,,,
C&K Kelvin Grove Community Childcare Centre,185 Herston Rd,Herston,QLD,4006,07 32525059,,,,,,,,,,,,
C&K Mt Gravatt West Community Childcare Centre,43b Clough St,Mount Gravatt West,QLD,4122,07 38495922,,,,,,,,,,,,
C&K Newmarket Community Childcare Centre,8 Baradine St,Newmarket,QLD,4051,07 33567333,,,,,,,,,,,,
C&K Northside Family Day Care,14 Edmonston St,Newmarket,QLD,4051,07 35525361,,,,,,,,,,,,
C&K QUT Carseldine Community Childcare,532 - Gate 1 Carseldine Campus Beams Rd,Carseldine,QLD,4034,07 38630874,,,,,,,,,,,,
C&K QUT Kelvin Grove Community Childcare Centre,9 School St,Kelvin Grove,QLD,4059,07 33524956,,,,,,,,,,,,
C&K Salisbury Community Childcare Centre,42 Frewin St,Salisbury,QLD,4107,07 32744277,,,,,,,,,,,,
C&K Valley Community Childcare Centre,29 Robertson St,Fortitude Valley,QLD,4006,07 38521288,,,,,,,,,,,,
C&K Wilston Community Childcare Centre,250 Newmarket Rd,Wilston,QLD,4051,07 33563067,,,,,,,,,,,,
Calamvale Child Care Centre,421- 425 Gowan Rd,Calamvale,QLD,4116,07 32735801,calamcc@tpg.com.au,www.calamvalechildcc.citysearch.com.au,,,,,,,,,,
Calamvale Childcare & Development Centre,38 Nottingham Rd,Calamvale,QLD,4116,07 32726455,calamvale@kal.net.au,,,,,,,,,,,
Calamvale Early Learning Centre,17 Hamish St,Calamvale,QLD,4116,07 37117270,,,,,,,,,,,,
Camelot Child Care Centre,228 Logandale Blv,Loganholme,QLD,4129,07 32877100,,,,,,,,,,,,
Camp Hill Child Care Centre.,Ara St,Camp Hill,QLD,4152,07 33987830,,,,,,,,,,,,
Campus Kindergarten After School Care,384 Swann Rd,St Lucia,QLD,4067,07 33716947,,,,,,,,,,,,
Cannon Hill Early Learning Centre,1025 Wynnum Rd,Cannon Hill,QLD,4170,07 33998079,cannonhill@kal.net.au,www.kal.net.au,,,,,,,,,,
Capalaba Kids Early Learning Centre,155 Mount Cotton Rd,Capalaba,QLD,4157,07 3245 1277,director2@capalabakids.com.au,,70,Y,,Y,6:00am - 6:00pm,,,,,
Care For Kyds,36 Villiers Street,New Farm,QLD,4005,073358 3506,newfarmoshc@bne.centacare.net.au,,,,,,,,,,,
Carina Child Care Centre,202 Gallipoli Rd,Carina,QLD,4152,07 33950744,jenny.proellocks@aue.salvationarmy.com.org,www.salvos.org.aucarindale,,,,,,,,,,
Carina Heights Child Care & Development,35 Gallipoli Rd,Carina Heights,QLD,4152,07 3398 1600,director@chccd.com.au,http://www.chccd.com.au/,83.5,Y,N,Y,7:00am - 6:00pm,6 weeks - 4 years,N,Y,,
Centenary Childcare & Early Education Centre,15 Loffs Rd,Mount Ommaney,QLD,4074,07 32794448,jin@childcare.com.au,,,,,,,,,,,
Centenary Kindergarten & Pre-school,15 Loffs Rd,Mount Ommaney,QLD,4074,07 32794448,info@centenarychildcare.com.au,www.centenarychildcare.com.au,,,,,,,,,,
Charlies Child Care,3 Joyce St,Burpengary,QLD,4505,07 38885511,,,,,,,,,,,,
Chatswood Road Child Care Centre.,89 Chatswood Rd,Daisy Hill,QLD,4127,07 38082420,,,,,,,,,,,,
Chatterbox Child Development & Care Centre Carina,93 Zahel St,Carina,QLD,4152,07 33988208,admin@chatterboxchildcare.com.au,www.chatterboxchildcare.com.au,82,Y,N,Y,7:00am - 6:00pm,6 weeks - 4 years,N,Y,,
Chatterbox Child Development & Care Centre Jindalee,110 Burrendah Rd,Jindalee,QLD,4074,07 32793133,jindalee@chatterboxchildcare.com.au,www.chatterboxchildcare.com.au,82,Y,N,Y,7:00am - 6:00pm,6 weeks - 4 years,N,Y,,
Chatterbox Child Development & Care Centre McDowell,51 Landis St,Mcdowall,QLD,4053,07 33533536,mcdowall@chatterboxchildcare.com.au,http://www.chatterboxchildcare.com.au/html/_findUs.html#mcdowall,82,Y,N,Y,7:00am - 6:00pm,6 weeks - 4 years,N,Y,,
Chatterbox Child Development & Care Centre Paddington,24 Guthrie Street,Paddington,QLD,4064,07 3217 5233,paddington@chatterboxchildcare.com.au,www.chatterboxchildcare.com.au,92,Y,N,Y,7:00am - 6:00pm,6 weeks - 5 years,N,Y,,
Chatterbox Child Development & Care Centres Albany Creek,2 Narrabeen Road,Albany Creek,QLD,4035,07 3325 5143,albanycreek@chatterboxchildcare.com.au,http://www.chatterboxchildcare.com.au/html/_findUs.html#albanycreek,84,Y,N,Y,7:00am - 6:00pm,6 weeks - 5 years,N,Y,,
Chatterbox Child Development & Care Centres Aspley,24A Riordan St,Aspley,QLD,4034,07 32633443,admin@chatterboxchildcare.com.au,www.chatterboxchildcare.com.au,,Y,N,Y,7:00am - 6:00pm,6 weeks - 5 years,N,Y,,
Chatterbox Kindergarten & Child Care Centre Taringa,11 Rokeby Tce,Taringa,QLD,4068,07 37195544,admin@chatterboxchildcare.com.au,http://www.chatterboxchildcare.com.au/html/_findUs.html#taringa,87,Y,N,Y,7:00am - 6:00pm,6 weeks - 5 years,N,Y,,
Chermside Early Education Centre,24 Kuran St,Chermside,QLD,4032,07 33591899,,,,,,,,,,,,
Cherubs On Leichhardt,11- 13 Leichhardt St,Logan Central,QLD,4114,07 38089888,cherubsonleichhardt@bigpond.com,,,,,,,,,,,
Children @ Bay Terrace,40 Bay Tce,Wynnum,QLD,4178,07 33963831,director@childrenatbayterrace.com,www.childrenatbayterrace.com,,,,,,,,,,
Childrens Centre Of Beenleigh The,10 Phillip St,Beenleigh,QLD,4207,07 38075297,beenleigh@kal.net.au,www.kal.net.au,,,,,,,,,,
Churches of Christ Care,41 Brookfield Rd,Kenmore,QLD,4069,07 33271600,care@cofcqld.com.au,www.care.cofcqld.com.au,,,,,,,,,,
Churches of Christ Care Early Childhood Centre Kallangu,116 Ann St,Kallangur,QLD,4503,07 32046000,kallangurcecc@cofcqld.com.au,,,,,,,,,,,
Churches of Christ Care Kiah Occasional Early Childhood,15- 17 Intrepid St,Jamboree Heights,QLD,4074,07 32791575,,,,,,,,,,,,
Churches of Christ Care Limited Hours Early Childhood C,28 Malcolm St,Hawthorne,QLD,4171,07 33996212,,,,,,,,,,,,
Citipointe Childcare,322 Wecker Rd,Mansfield,QLD,4122,07 38495238,,,,,,,,,,,,
City Child Care,95 Brookes St,Fortitude Valley,QLD,4006,07 32529911,,,,,,,,,,,,
Clayfield Childcare & Kindergarten Association,32 Wagner Rd,Clayfield,QLD,4011,07 32626580,,,,,,,,,,,,
Clayfield Childhood Development Centre,32 Widdop St,Clayfield,QLD,4011,07 32625444,director@clayfieldchildhoodcentre.com.au,www.clayfieldchildcare.com.au,,,,,,,,,,
Clayfield Early Childhood,68- 70 Gellibrand St,Clayfield,QLD,4011,07 32607044,,,,,,,,,,,,
Clayfield Early Learning Centre.,23 Norman Pde,Clayfield,QLD,4011,07 32628300,,,,,,,,,,,,
Cleveland Kidz X-Press Childcare Centre,Cnr Waterloo & Queen Sts,Cleveland,QLD,4163,07 38213511,kidzx-press@bigpond.com,,,,,,,,,,,
Clontarf World of Learning,336 Elizabeth Ave,Clontarf Beach,QLD,4019,07 38832230,learn@worldoflearning.com.au,www.worldoflearning.com.au,,,,,,,,,,
Communify Childcare,180 Jubilee Tce,Bardon,QLD,4065,07 35102711,,,,,,,,,,,,
Community Kids Enoggera,62 Sicklefield St,Enoggera,QLD,4051,07 33552255,,,,,,,,,,,,
Compton Early Education Centre.,PO Box 1845,Sunnybank Hills,QLD,4109,07 32721822,,,,,,,,,,,,
Compton Road Child Care Centre,70 Condamine St,Runcorn,QLD,4113,07 32721822,comptonrcc@optusnet.com.au,,,,,,,,,,,
Coopers Plains Child Care Centre,56 Orange Grove Rd,Coopers Plains,QLD,4108,07 33446270,julie@cpcc.com.au,www.cpcc.com.au,,,,,,,,,,
Coorparoo Child Care Centre,66 Halstead St,Coorparoo,QLD,4151,07 38474337,info@cooroyvets.com.au,www.cooroyvets.com.au,,,,,,,,,,
Play & Learn Early Learning Centre Cornubia ,2- 4 Vincent St,Cornubia,QLD,4130,07 38011211,,http://cornubia.playandlearn.com.au/,74,Y,N,Y,6:30am - 6:30pm,6 weeks - 6 years,,,,
Corporate Care Australia Pty Ltd,62 Beaconsfield,Gordon Park,QLD,4031,07 33265600,,,,,,,,,,,,
Creative Garden Early Learning Centres,17 Approach Rd,Banyo,QLD,4014,07 32678980,creativegardenbanyo@bigpond.com,www.creativegarden.com.au,,,,,,,,,,
Creative Kids,195 Elizabeth Ave,Clontarf Beach,QLD,4019,07 32840739,creativekids@optusnet.com.au,,,,,,,,,,,
Crestmead Early Education Centre,2 Pine Grove Drv,Crestmead,QLD,4132,07 38034444,,,,,,,,,,,,
Cross Country Kids Childcare,1056 Winn Rd,Mount Samson,QLD,4520,07 32894713,,,,,,,,,,,,
Cross Country Kids Childcare,1056 Winn Rd,Mount Samson,QLD,4520,0422 083522,,,,,,,,,,,,
Crystal Waters Child Care Centre,Island Outlook Ave,Thornlands,QLD,4164,07 32869500,,,,,,,,,,,,
Cubby House Child Care Centres,177- 181 Payne Rd,The Gap,QLD,4061,07 33002227,gapcubbyhouse@kal.net.au,,,,,,,,,,,
Daisy Hill Early Learning Centre,155 Chatswood Rd,Daisy Hill,QLD,4127,07 32994594,daisyhill@kal.net.au,www.kal.net.au,,,,,,,,,,
Dakabin Child Care,64 Sheaves Rd,Kallangur,QLD,4503,07 38860555,,,,,,,,,,,,
Dameeli Children's World.,95 Hanover Drv,Alexandra Hills,QLD,4161,07 38246277,,,,,,,,,,,,
Deception Bay Child Care Centre 1,5-9 Monarch Drv,Deception Bay,QLD,4508,07 38885355,deceptionbay1@communitykids.net.au,,,,,,,,,,,
Dixi's Early Childhood - Pre-school Centre,3 Arlington Drv,Arana Hills,QLD,4054,07 38513577,mail@dixis.com.au,www.dixis.com.au,,,,,,,,,,
Dixi's Early Learning & Child Care Centre,3 Arlington Drv,Arana Hills,QLD,4054,07 38513577,mail@dixis.com.au,www.dixis.com.au,,,,,,,,,,
Durack Early Childhood & Preschool Centre,56 Durella St,Durack,QLD,4077,07 33729654,angelaw@childcaremanagement.com.au,www.durackearly.com.au,,,,,,,,,,
Durack Early Education & Pre School,56 Durella St,Durack,QLD,4077,07 33729654,angelaw@childcaremanagement.com.au,www.durackearly.com.au,,,,,,,,,,
Dux Early Learning,70 Elizabeth St,Acacia Ridge,QLD,4110,07 32774052,,,,,,,,,,,,
Eagleby Childen's Centre.,82 Fryers Rd,Eagleby,QLD,4207,07 38073222,,,,,,,,,,,,
Eagleby Eager Bees Child Care Centre,209 Fryar Rd,Eagleby,QLD,4207,07 38075042,,,,,,,,,,,,
Eagleby's Cubbyhouse For Kids,126 Riverhills Rd,Eagleby,QLD,4207,07 38074966,,,,,,,,,,,,
Early Education Centres,191 Pickering St,Enoggera,QLD,4051,07 33550120,pickeringst@earlyeducationcentres.com.au,,,,,,,,,,,
Early Education Centres,697 Hamilton Rd,Chermside West,QLD,4032,07 36305588,hamiltonrd@earlyeducationcentres.com.au,,,,,,,,,,,
Early Education Centres,Cnr South & Waterloo Sts (Oppos: Thornlands State School),Cleveland,QLD,4163,07 34882022,waterloost@earlyeducationcentres.com.au,,,,,,,,,,,
Early Learning Centre Loganholme,3944 Pacific Hwy,Loganholme,QLD,4129,07 38013062,,,,,,,,,,,,
Early Learning Services Victoria Point Child Care Centre 2,3 School Rd,Victoria Point,QLD,4165,07 32079666,victoriapoint2@earlylearningservices.com.au,http://www.earlylearningservices.com.au/centres/victoria-point-2-early-learning-centre/,80,Y,N,Y,6:15am - 6:15pm,6 weeks - 4 years,Y,,,
Early Learning Services Victoria Point Early Learning Centre 1,51 Grandis Crs,Victoria Point,QLD,4165,07 32076444,victoriapoint1@communitykids.net.au,http://www.earlylearningservices.com.au/centres/victoria-point-1-early-learning-centre/,80,Y,N,,6:15am - 6:15pm,15 months - 6 years,Y,,,
Educare on Anson,32- 34 Anson Rd,Wellington Point,QLD,4160,07 38221799,,,,,,,,,,,,
Eight Mile Plains Children's Centre,447- 449 Warrigal Rd,Eight Mile Plains,QLD,4113,07 38413350,,,,,,,,,,,,
Eight Mile Plains Early Learning Centre,526 Warrigal Rd,Eight Mile Plains,QLD,4113,07 34233879,8mileplains@kal.net.au,,,,,,,,,,,
Elizabeth Kindergarten,70 Elizabeth St,Acacia Ridge,QLD,4110,07 32774052,elizabethkindy@westnet.com.au,,,,,,,,,,,
Enoggera Child Care Centre,2 Taurama St,Enoggera,QLD,4051,07 33544633,,,,,,,,,,,,
Enoggera Early Education Centre,238 Pickering St,Enoggera,QLD,4051,07 33552099,,,,,,,,,,,,
Everton Park Child Care & Development Centre,25 Halle St,Everton Park,QLD,4053,07 33557844,director@evertonparkchildcare.com.au,www.evertonchildcare.com.au,,,,,,,,,,
Ferny Hills & Ferny Grove Early Childhood Centre,1 Hogarth Rd,Ferny Grove,QLD,4055,07 38510611,fernygrove1@creativeplay.net.au,www.creativeplay.net.au,,,,,,,,,,
FirstLearnings Child Care Centre,118 Link Rd,Victoria Point,QLD,4165,07 38207253,,,,,,,,,,,,
FirstLearnings Victoria Point,118 Link Rd,Victoria Point,QLD,4165,07 38207253,,www.firstlearnings.com.au,,,,,,,,,,
Footprints Sunnybank Child Care Centre,357 Beenleigh Rd,Sunnybank,QLD,4109,07 34238663,footprints@kal.net.au,,,,,,,,,,,
Forest Lake & Richlands Early Childhood Centre,567 Archerfield Rd,Richlands,QLD,4077,07 33729905,,,,,,,,,,,,
Forest Lake Childcare Centre,130 Woogaroo St,Forest Lake,QLD,4078,07 37237200,,,,,,,,,,,,
"Full of Beans Child Care, Kindergarten & Preschool",190 Birkdale Rd,Birkdale,QLD,4159,07 38224633,,,,,,,,,,,,
Funhouse Home Day Care,4 Redunca Pl,Moggill,QLD,4070,07 32027198,,,,,,,,,,,,
Gaythorne Community Kindergarten,34 Taurama St,Enoggera,QLD,4051,07 33556181,,www.candk.hsn.au,,,,,,,,,,
Gaythorne Community Limited Hours Care,34 Taurama St,Gaythorne,QLD,4051,07 33554193,,,,,,,,,,,,
Goodstart Boondall,73 Zillmere Rd,Boondall,QLD,4034,07 38651425,,http://www.goodstart.org.au/boondall,70,,,,6:30am to 6:00pm,6 weeks - 5 years,,,,
Goodstart Bray Park,4 Elmwood Drv,Bray Park,QLD,4500,07 38821477,bpw@goodstart.org.au,http://www.goodstart.org.au/centres/bray-park-elmwood-drive/services,72.8,N,N,S,6:45am - 6:15pm,15 months - 6 years,Y,,,
Goodstart Brisbane Central,"192 Ann St, Podium Level, Mincom Central Building",Brisbane,QLD,4000,07 32200522,mcm@goodstart.org.au,http://www.goodstart.org.au/centres/brisbane/services,95.8,Y,N,Y,6:15am - 6:15pm,6 weeks - 5 years,,,,
Goodstart Browns Plains Central,845 - 847 Wembley Rd,Browns Plains,QLD,4118,07 3800 4471,aab@goodstart.org.au,http://www.goodstart.org.au/centres/browns-plains-wembley-road/overview,71.8,Y,N,,6:30 am to 6:30 pm,6 weeks - 12 years,Y,,,
Goodstart Browns Plains Child Care Centre,839 Wembley Road,Browns Plains,QLD,4118,07 3809 2222,kdw@goodstart.org.au,http://www.goodstart.org.au/centres/browns-plains-browns-plains-road/overview,75.3,Y,N,N,6:30 am to 6:30 pm,0 months - 12 years,,,,
Goodstart Carindale,86 Bridgnorth St,Carindale,QLD,4152,07 33952122,cdl@goodstart.org.au,http://www.goodstart.org.au/centres/carindale/overview,77.2,Y,N,N,6:30am - 6:30pm,15mths - 12 years,,,,
Goodstart Early Learning Beaudesert - Brisbane Street,17-19 Brisbane Street,BEAUDESERT,QLD,4285,07 5541 2415,bea@goodstart.org.au,,,,,,,,,,,
Goodstart Early Learning Centre Albany Creek,36 Flamingo Drv,Albany Creek,QLD,4035,07 32646058,alc@goodstart.org.au,www.goodstart.org.au,,,,,7:00am - 6:00pm,,,,,
Goodstart Early Learning Centre Banksia Beach,20- 22 Orara Ave,Banksia Beach,QLD,4507,07 34086255,bri@goodstart.org.au,http://www.goodstart.org.au/centres/banksia-beach/overview,,,,,6:30am - 6:00pm,Y,,,,
Goodstart Early Learning Centre Belmont,Cnr Belmont & Burstall Av,Belmont,QLD,4153,07 38902462,bel@goodstart.org.au,http://www.goodstart.org.au/centres/belmont/overview,,Y,,Y,7:00am - 6:00pm,,,,,
Goodstart Early Learning East Brisbane,153 Mowbray Terrace,EAST BRISBANE,QLD,4169,07 3891 2574,ebr@goodstart.org.au,,,,,,,,,,,
Goodstart Early Learning Hawthorne,159 Hawthorne Rd,Hawthorne,QLD,4171,07 38991955,,,,,,,,,,,,
Goodstart Early Learning Kallangur,52A Duffield Rd,Kallangur,QLD,4503,07 38860033,,,,,,,,,,,,
Goodstart Early Learning Mount Warren Park,282 Mt Warren Blv,Mount Warren Park,QLD,4207,07 38078177,,,,,,,,,,,,
Goodstart Early Learning North Lakes,2 Winn St,North Lakes,QLD,4509,07 38862533,,,,,,,,,,,,
Goodstart Early Learning Oxley,292-308 Seventeen Mile Rocks Rd,Oxley,QLD,4075,07 33759200,,,,,,,,,,,,
Goodstart Early Learning Redcliffe,33 Williams St,Redcliffe,QLD,4020,07 32847144,,,,,,,,,,,,
Goodstart Early Learning Waterford West,1- 3 Beutel St,Waterford West,QLD,4133,07 3805 1177,wat@goodstart.org.au,http://www.goodstart.org.au/centres/waterford/overview,,,,,6:30 AM to 6:30 PM,6 weeks - 6 years,,,,
Goodstart Richlands,57 Poinsettia St,Inala,QLD,4077,07 3278 7777,ina@goodstart.org.au,http://www.goodstart.org.au/centres/richlands/overview,72.9,Y,N,Y,6:00am - 6:00pm,6 weeks - 5 years,Y,,,
Grace Creche & Kindergarten Lutheran Church,3 Meredith St,Redcliffe,QLD,4020,07 32847700,gck@glps.qld.edu.au,,,,,,,,,,,
Grace Creche & Kindergarten Lutheran Church,3 Meredith St,Redcliffe,QLD,4020,07 32847700,gck@glps.qld.edu.au,,,,,,,,,,,
Gramma's House,18 Edmonds Crt,Dayboro,QLD,4521,07 34251674,,www.grammashouse.com.au,,,,,,,,,,
Grasshoppers Early Learning Centre,161 Gordon Rd,Redland Bay,QLD,4165,07 38292266,grasshoppers2@earlylearningservices.com.au,http://www.earlylearningservices.com.au/centres/grasshoppers-early-learning-centre-nippers/,81.5,Y,N,Y,6:00am - 6:00pm,6 weeks - 2.5 years,,,,
Greek Orthodox Community Child Care Centre,30 Browning Street,SOUTH BRISBANE,QLD,4101,07 3844 6187,childcare@gocstgeorge.com.au,,,,,,,,,,,
Green Eggs Early Childhood Centre,72 Ham Rd,Mansfield,QLD,4122,07 33493233,,,,,,,,,,,,
Gremlins Child Care Centre,"Waterford Plaza, Tygum Rd",Waterford West,QLD,4133,07 38055511,,,,,,,,,,,,
Grosvenor Hall Child Care Centre Yeronga,156 School Rd,Yeronga,QLD,4104,07 38482020,,,,,,,,,,,,
Groves Christian College Early Learning Centre,44 Laughlin St,Kingston,QLD,4114,07 32082007,,,,,,,,,,,,
Guillesser L C,35 Parkgrove St,Birkdale,QLD,4159,07 38229033,,,,,,,,,,,,
Gum Nut Kids,1 Verwood Crt,Alexandra Hills,QLD,4161,07 38244274,,,,,,,,,,,,
Gumnut Cottage Child Care Centre,282 Mt Warren Blv,Mount Warren Park,QLD,4207,07 38078177,,,,,,,,,,,,
Guppy's Early Learning Centre,5 Maundrell Tce,Chermside West,QLD,4032,07 32684706,info@guppys.com.au,www.guppys.com.au,,,,,,,,,,
Habitat Early Learning,54 Hogarth Rd,Ferny Grove,QLD,4055,07 38515151,,,,,,,,,,,,
Hamilton House Child Care Centre.,56 Kent St,Hamilton,QLD,4007,07 38683081,hamiltonhouse@kal.net.au,www.kal.net.au,,,,,,,,,,
Handford Rd Child Care Centre,263 Handford Rd,Taigum,QLD,4018,07 38658234,,,,,,,,,,,,
Hansel & Gretel Child Care Centre,40 Monash Rd,Loganlea,QLD,4131,07 32006753,,,,,,,,,,,,
Happy Hours PreSchool & Early Learning Centre,Cnr Wembley & Browns Plains Rds,Browns Plains,QLD,4118,07 38092222,,,,,,,,,,,,
Happy House Childcare & Early Education Centres,"'Waterford Plaza', Tygum Rd",Waterford West,QLD,4133,07 32009385,,,,,,,,,,,,
Happy Times Child Care,127 Station Rd,Burpengary,QLD,4505,07 38885500,,,,,,,,,,,,
Hawthorne House Preschool and Child Care Centre,159 Hawthorne Rd,Hawthorne,QLD,4171,07 38991955,,,,,,,,,,,,
Heaven Developments,10 Main St,Narangba,QLD,4504,07 38866578,info@tadpoles.com.au,www.tadpoles.com.au,,,,,,,,,,
Hedley Child Care & Education Centres,154 Chambers Flat Rd,Waterford West,QLD,4133,07 38059397,,www.hedleychildcare.com.au,,,,,,,,,,
Herston First Steps Childcare Centre,120 Butterfield St,Herston,QLD,4006,07 32160944,herstonfirststep@bigpond.com.au,,,,,,,,,,,
Hillsong Child Care Centre- Brisbane,Hillsong Child Care Centre  16 Rover St,MOUNT GRAVATT,QLD,4122,,childcarecentre@hillsong.com,,,,,,,,,,,
Holland Park Child Care Centre.,93 Seville St,Holland Park,QLD,4121,07 38493300,,,,,,,,,,,,
Holland Park West Kindergarten & Child Care Centre,86 Marshall Rd,Holland Park,QLD,4121,07 33971400,learn@worldoflearning.com.au,http://www.worldoflearning.com.au/centres/holland-park-west-world-of-learning/,,Y,,Y,6:00am - 6:00pm,,,,,
Holy Cross Catholic Parish  - Redcliffe City School Age Care,299 Scarborough Road,SCARBOROUGH,QLD,4020,07 3880 0275,scarboroughoshc@bne.centacare.net.au,,,,,,,,,,,
Hutchison's Child Care Services,"Head Office, 1 / 243 Bradman St",Acacia Ridge,QLD,4110,07 37124100,info@hccs.com.au,www.hccs.com.au,,,,,,,,,,
Hutchison's Early Learning Centre,15 Centennial Way,Forest Lake,QLD,4078,07 32788011,,,,,,,,,,,,
Hutchison's Early Learning Centre,5A Deborah Crt,Slacks Creek,QLD,4127,07 38086161,,,,,,,,,,,,
Hutchison's Early Learning Centre,226 Crest Rd,Park Ridge,QLD,4125,07 38021288,,,,,,,,,,,,
Hutchison's Early Learning Centres,76 Anzac Ave,Browns Plains,QLD,4118,07 38008122,,,,,,,,,,,,
Hyperdome Early Education Centre,58 Commercial Drv,Shailer Park,QLD,4128,07 38013911,,,,,,,,,,,,
Inala Busy Learners Childcare Centre & Pre-School,41 Yulan St,Inala,QLD,4077,07 32787033,,,,,,,,,,,,
Jacaranda - Underwood,2/ 12 Springvale Cct,Underwood,QLD,4119,07 32199797,,www.jacarandasunnybank.com.au,,,,,,,,,,
Jacaranda Early Learning Centre,78 Ardargie St,Sunnybank,QLD,4109,07 32169899,,www.jacarandasunnybank.com.au,,,,,,,,,,
Jack & Jill Child Care Centre,955 Brunswick St,New Farm,QLD,4005,07 33584595,,,,,,,,,,,,
Jahjumbeen Occasional Child Care,5 Grove St,Toowong,QLD,4066,07 33715451,,,,,,,,,,,,
Jellybean Child Care Centre,29 Government Rd,Richlands,QLD,4077,07 32799855,jellybean@kal.net.au,www.kal.net.au,,,,,,,,,,
Joey's Child Care Centre Pty Ltd,18- 22 Logandowns Drv,Loganlea,QLD,4131,07 38052711,,,,,,,,,,,,
Joey's Early Learning Centre,65 - 67 Wembley Rd,Logan Central,QLD,4114,07 38086944,,,,,,,,,,,,
John Paul College Child Care Centre,John Paul Drv,Daisy Hill,QLD,4127,07 38263444,,www.jpc.qld.edu.au,,,,,,,,,,
Early Birds Joseph Banks Early Childhood Education & Care Centre,91 Joseph Banks Ave,Forest Lake,QLD,4078,07 32799200,forestlake@earlybirds.net.au,http://www.earlybirds.net.au/index.php?page=joseph,67.5,N,N,Y,6:30am - 6:00pm,30 months - 5 years,,,,
Centrecare Julia Cumming Community Child Care Centre,12 Addison Road,Graceville,QLD,4075,07 3379 3069,dir.gracevilleldc@bne.centacare.net.au,,61,N,N,S,7:00am - 6:00pm,6 weeks - 5 years,N,,,
Jumping Beans Chilcare,66 Sturgeon St,Ormiston,QLD,4160,07 32866333,,,,,,,,,,,,
KAL Child Care Management Underwood Early Learning Centre,2794 Logan Rd,Underwood,QLD,4119,07 33416063,underwood@kal.net.au,http://www.kal.net.au/home/centres/item/underwood-early-learning-centre.html?category_id=1,,Y,N,Y,6:15am to 6:15pm,6 weeks to 4 years,,,,
KAL Childcare Management Sunnybank Hills Early Learning Centre,285 Gowan Rd,Sunnybank Hills,QLD,4109,07 37115589,sunnybankhills@kal.net.au,http://www.kal.net.au/home/centres/item/sunnybank-hills-early-learning-centre.html?category_id=1,,Y,N,S,6:15am - 6:15pm,6 weeks - 5 years,,,,
KAL Childcare Management Tanah Merah Child Care Centre,6-8 Pintu Drv,Tanah Merah,QLD,4128,07 36355700,tanahmerah@kal.net.au,http://www.kal.net.au/home/centres/item/tanah-merah-early-learning-centre.html?category_id=1,75,Y,N,S,6:15am - 6:15pm,6 weeks - 5 years,Y,Y,,
KAL Sweetgum Children's Development Centre,Cnr Stangate & Sweetgum Sts,Hillcrest,QLD,4118,07 38007766,sweetgum@kal.net.au,www.kal.net.au,,,,,,,,,,
Kallangur Capers,6 Brewer St,Kallangur,QLD,4503,07 34824444,,,,,,,,,,,,
Kdk Kids First Incorporated (Burrowes),41 Third Ave,Marsden,QLD,4132,07 38037717,,www.kdkkidsfirst.com,,,,,,,,,,
Kedron Park Road Child & Development.,60 Kedron Park Rd,Wooloowin,QLD,4030,07 38578122,,,,,,,,,,,,
Kelvin Grove Kindy Land Pre-School & Child Care Centre,Cnr Dunsmore & Franklin Sts,Kelvin Grove,QLD,4059,07 33568153,,,,,,,,,,,,
Kenmore & District Montessori Children's House,9 Brookefield Rd,Kenmore,QLD,4069,07 33781122,,,,,,,,,,,,
Kenmore Child Care Centre,49 Kersley Rd,Kenmore,QLD,4069,07 33789396,,,,,,,,,,,,
Keperra Kids 'R' Us,6- 10 Camoola St,Keperra,QLD,4054,07 38512229,keperrakidsrus@gmail.com,,,,,,,,,,,
Kid-A-Bout Childcare Centre,39 Furzer St,Browns Plains,QLD,4118,07 38092724,,,,,,,,,,,,
Kidikingdom Child Care,54 Railway Pde,Woodridge,QLD,4114,07 38053418,,www.kidikingdom.com,,,,,,,,,,
Kidikingdom Child Care Woodridge,54 Railway Pde,Woodridge,QLD,4114,07 38083060,,www.kidikingdom.com,,,,,,,,,,
Kids & Adults Learning,PO Box 208,Wavell Heights,QLD,4012,07 33146454,,,,,,,,,,,,
Kids & Adults Learning Child Care & Development Centres,PO Box 73,Northgate,QLD,4013,1300 783880,info@kal.net.au,www.kal.net.au,,,,,,,,,,
Kids & Adults Learning Child Care Centres,PO Box 208,Wavell Heights,QLD,4012,07 32607044,,,,,,,,,,,,
Kids Academy Spring Hill,"Ground Floor, Oxygen Building, 170 Leichhart St",Spring Hill,QLD,4004,07 38394700,,,,,,,,,,,,
Kids At West End,18 Mitchell St,West End,QLD,4101,07 38444133,,www.kidsatwestend.com.au,,,,,,,,,,
Kids Be In It Child Care Ctr,23 Yalburu St,Beenleigh,QLD,4207,07 38070133,,,,,,,,,,,,
Kids Capers Child Care Mango Hill,Lot 2/ Freshwater Creek Drv,Mango Hill,QLD,4509,07 32046188,,,,,,,,,,,,
Kids Capers Childcare,2 Old North Rd,Wamuran,QLD,4512,07 54966093,,,,,,,,,,,,
Kids Capers Childcare Child Development Centre & Pre Sc,1-7 Aurora St,North Lakes,QLD,4509,07 32045166,,,,,,,,,,,,
Kids Cottage Child Care Centre.,52 Strathpine Rd,Bald Hills,QLD,4036,07 32613055,,,,,,,,,,,,
Kids Just Want To Have Fun!,Old Gympie Rd,Beerwah,QLD,4519,0419 028771,,,,,,,,,,,,
Kids On Clarence,137 Clarence Rd,Indooroopilly,QLD,4068,07 37208600,,,,,,,,,,,,
Kids On Craig,8 Craig St,Brighton,QLD,4017,07 38694188,,,,,,,,,,,,
Kids' Village Child Care Centre & Pre-School,153 Smith Rd,Woodridge,QLD,4114,07 32992500,,,,,,,,,,,,
Kidz Fun Centre,PO Box 193,Salisbury,QLD,4107,07 33736522,,,,,,,,,,,,
Kidz Magic,77 Juniper St,Heathwood,QLD,4110,07 38797289,kidzmagic@kal.net.au,,,,,,,,,,,
Kidzplace - A Place For Learning,Kookaburra Centre 2 Pine Grove Drv,Crestmead,QLD,4132,07 38033331,,,,,,,,,,,,
Kimberley Park Childcare Centre,Cnr Chatswood Rd & Floret St,Shailer Park,QLD,4128,07 32097155,,,,,,,,,,,,
Kindercraft.,"3rd Floor, City Hall King George Sq",Brisbane,QLD,4000,07 32210145,,,,,,,,,,,,
Kindy Kapers Early Learning Centre,17 Dianthus St,Wakerley,QLD,4154,07 33488764,,,,,,,,,,,,
Kindy Patch Childcare Centre,100 Enoggera Tce,Paddington,QLD,4064,07 33690099,paddington@kindypatch.com.au,http://www.kindypatch.com.au/centres/kindy-patch-paddington/,102,N,N,N,7:00am - 6:00pm,6 weeks - 6 years,,,,
Kindy Patch Childcare Centre,161 Dawson Pde,Grovely,QLD,4054,07 33554949,,,,,,,,,,,,
Kindy Patch Childcare Centre,186 Preston Rd,Manly,QLD,4179,07 33482800,,,,,,,,,,,,
Kindy Patch Childcare Centre,116 Benfer Rd,Victoria Point,QLD,4165,07 32079566,,,,,,,,,,,,
Kindy Patch Park Ridge,229- 232 Crest Rd,Park Ridge,QLD,4125,07 38022211,,,,,,,,,,,,
Kindyworld Red Hill,19 Fulcher Rd,Red Hill,QLD,4059,07 33662411,,,,,,,,,,,,
King Of The Castle Childcare Centre,Cnr 976 Manly Rd & Castlerea St,Tingalpa,QLD,4173,07 38902762,kingofthecastle@people.net.au,,,,,,,,,,,
Kingbird Early Childhood Development Centre,276 Warrigal Rd,Eight Mile Plains,QLD,4113,07 32199129,,,,,,,,,,,,
Kingston Early Learning Centre,3601 Pacific Hwy,Slacks Creek,QLD,4127,07 38085793,kingstonelc@bigpond.com,,,,,,,,,,,
Kingston Tiny Tots Early Learning Centre,3 - 7 Yalumba St,Kingston,QLD,4114,07 32089088,,,,,,,,,,,,
Kinship Hollow,Henley Crt,Bellmere,QLD,4510,0401 645121,,,,,,,,,,,,
Klub Kallangur Outside School Hours Centre,139 School Rd,Kallangur,QLD,4503,07 38862144,,,,,,,,,,,,
Koala Calamvale Childcare Centre,56 Kameruka St,Calamvale,QLD,4116,07 37115155,info@koalacalamvale.com.au,,,,,,,,,,,
Koala Lou Child Care & Nursery,402 Cavendish Rd,Coorparoo,QLD,4151,07 33977955,,,,,,,,,,,,
KU Children's Services The Joey Club,6-8 The Boulevard,Brisbane Airport,QLD,4007,07 3114 1270,ku.tjcbrisbane@ku.com.au,http://www.ku.com.au/ku.joeyclubbrisbane,80,Y,N,Y,6:30am - 6:30pm,6 weeks - 6 years,,,,
Kuraby Early Learning Centre,98 Franquin Crs,Kuraby,QLD,4881,07 38414723,kurabyeic@bigpond.com,,,,,,,,,,,
Kuraby Grove Child Care Centre,102 Besline St,Kuraby,QLD,4881,07 38414444,info@kurabygrove.com.au,,,,,,,,,,,
Kurilpa Community Child Care Centre,136 Gray Rd,West End,QLD,4101,07 38444672,,www.kurilpaccc.org.au,,,,,,,,,,
Lady Gowrie Brisbane,53 Prospect Rd,Mitchelton,QLD,4053,07 38558333,brisfdc@ladygowrie.com.au,www.ladygowrie.com.au,,,,,,,,,,
Lady Gowrie Child Care Centre Capalaba,21 Degen Rd,Capalaba,QLD,4157,07 32452685,,,,,,,,,,,,
Lady Gowrie Child Centre Warry,171 Warry St,Fortitude Valley,QLD,4006,07 32522476,,,,,,,,,,,,
Lady Gowrie Redland East,1/ 11 Oaklands St,Alexandra Hills,QLD,4161,07 38245155,,,,,,,,,,,,
Lady Gowrie West,7 Hawken Drv,St Lucia,QLD,4067,07 38710321,office@ladygowrie.com,www.ladygowrie.com,,,,,,,,,,
Lady Ramsay Early Learning and Education Centre,Bramston Terrace,Herston,QLD,4029,07 3636 1844,Leah_Mitchell@health.qld.gov.au,,83,Y,N,Y,6:00am - 7:00pm,6 weeks - 35 months,,,,
Lead Child Care Willows Child Care Centre,76 Pitt Rd,Burpengary,QLD,4505,07 3888 2350,Willows1@leadchildcare.com.au,http://www.leadchildcare.com.au/~lead/about-my-nearest-centre/burpengary-1/,76,Y,N,N,6:30am - 6:30pm,6 weeks - 6 years,,,,
Little Aussie Kids At Kingston,3 Arch St,Kingston,QLD,4114,07 32991516,,,,,,,6:30am - 6:30pm,,,,,
Little Bears At Honey Pot,59-61 Shayne Ave,Deception Bay,QLD,4508,07 32048244,honeyq@tpg.com.au,,,,,,6:00am - 6:00pm,,,,,
Little Champs Early Learning Centre,52- 56 Coman St,Rothwell,QLD,4022,07 32033455,,,,,,,,,,,,
KAL Child Care Management Little Darlings Early Development Centre,1826 Logan Rd,Upper Mt Gravatt,QLD,4122,07 34206555,littledarlings@kal.net.au,http://www.kal.net.au/home/centres/item/little-darlings-early-development-centre.html,,N,N,,,,,,,
Little Ducks Childcare Annerley,35 Waldheim St,Annerley,QLD,4103,07 38487688,info@annerleyaquarium.com,www.littleducks.com.au,,,,,6:30am - 6:00pm,6 weeks -  12 years,,,,
Little Ducks Childcare Birkdale,435 Old Cleveland Rd East,Birkdale,QLD,4159,07 38225933,,www.littleducks.com.au,,,,,6:30am - 6:00pm,6 weeks -  12 years,,,,
Little Ducks Childcare Wilston,169 Newmarket Rd,Wilston,QLD,4051,07 33568100,,www.littleducks.com.au,,,,,6:30am - 6:00pm,6 weeks -  12 years,,,,
Little Genesis Early Learning Centre,8 Youngs Crossing Rd,Bray Park,QLD,4500,07 38829032,,www.genesis.qld.edu.au,,,,,6:30am - 6:00pm,,,,,
Little Heroes Child Care Centre,8 Craig St,Brighton,QLD,4017,07 38694188,brighton@littleheroes.net.au,http://www.littleheroes.net.au/,,N,N,Y,6:15am - 6:15pm,,,,,
Little Heroes Childcare Centre Greenbank,17 Pub La,Greenbank,QLD,4124,07 32977733,greenbank@littleheroes.net.au,http://www.littleheroes.net.au/,,N,N,Y,6:15am - 6:15pm,,,,,
Little Heroes Kippa-Ring,47 McCosker St,Kippa-Ring,QLD,4021,07 38801158,,http://www.littleheroes.net.au/,,N,N,Y,6:15am - 6:15pm,,,,,
Little Legends Learning Centre,90 Whitehorse Rd,Dakabin,QLD,4503,07 34913288,admin@littlelegends.com.au,http://www.littlelegends.com.au/,79.5,N,N,Y,6:00am - 6:00pm,6 weeks -  5 years,,,,
Little Marchants,930 Gympie Rd,Chermside,QLD,4032,07 36212098,littlemarchants@wmb.org.au,http://www.wmb.org.au/page/Services/Child_Care/,72.5,N,N,Y,6:30am - 5:30pm,6 weeks -  5 years,,,,
Little Ted's Childcare Centre,89 Newnham Rd,Mount Gravatt,QLD,4122,07 33498835,mtgravatt@littleteds.com.au,www.littleteds.com.au,,,,,,,,,,
Little Tots Childcare Centre,596 Gowan Rd,Stretton,QLD,4116,07 37117779,director@littletotschildcare.com.au,,79,N,N,Y,6:45am - 6:15pm,6 weeks -  5 years,,,,
Living Faith Early Learning Centre,9a Armstrong St,Petrie,QLD,4502,07 32854033,lfelc_adsl@hotkey.net.au,http://www.lfelc.org.au/,72.5,Y,N,Y,6:30am - 6:00pm,6 weeks -  5 years,,,,
Lizards Early Learning Centre,1239 Gympie Rd,Aspley,QLD,4034,07 38629133,admin@lizardselc.com.au,www.lizardselc.com.au,,N,N,Y,6:30am - 6:30pm,6 weeks -  5 years,,,,
Logan Tafe Community Child Care Centre,50-68 Armstrong Rd,Meadowbrook,QLD,4131,07 32996277,admin@ltfeccc.com.au,,71,,,,7:00am - 6:00pm,6 weeks - 5 years,,,,
Lyndhurst Early Learning Centre,3 London Rd,Clayfield,QLD,4011,07 31172222,lyndhurst@childrenfirst.com.au,http://www.childrenfirst.com.au/index.php/lyndhurst,104.5,N,N,Y,6:30am - 6:30pm,6 weeks - 5 years,,,,
Early Birds Education & Care Marsden,66 Macarthy Rd,Marsden,QLD,4132,07 38034660,marsden@earlybirds.net.au,http://www.earlybirds.net.au/index.php?page=macarthy,,,,,6:15am - 6:15pm,2 years - 5 years,,,,
Centrecare Majella Early Years Centre,146 Maundrell Terrace,Chermside,QLD,4032,07 3350 1244,dir.chermsidewestldc@bne.centacare.net.au,,70,N,N,Y,7:00am - 6:00pm,6 weeks - 5 years,N,,,
Green Eggs Child Care,72- 78 Ham Rd,Mansfield,QLD,4122,07 33493233,mail@greeneggschildcare.com.au,http://www.greeneggschildcare.com.au/,84,N,N,Y,6:30am - 6:00pm,13 months - 5 years,,,,
Margaret Cribb Child Care Centre,70 Coleridge St,St Lucia,QLD,4067,07 33651509,margaret.cribb@mcccc.org.au,http://www.mcccc.org.au/,76,N,N,N,7:30am - 5:30pm,6 weeks -  5 years,,,,
Goodstart Maridale Park Child Care Centre,9 Greenup St,Capalaba,QLD,4157,07 32451365,ccl@goodstart.org.au,http://www.goodstart.org.au/centres/capalaba-greenup-street,,Y,N,Y,6:00am - 6:00pm,6 weeks -  5 years,,,,
Mary Street Child Care Centre Birkdale,20a Mary St,Birkdale,QLD,4159,07 38224330,,http://www.birkdalechildcare.com.au/,,N,N,Y,6:30am - 6:00pm,15 months - 3 years,,,,
Mater Hospital Childcare,12-16 Clarence Street,South Brisbane,QLD,4101,07 3163 3444,childcare@mater.org.au,http://www.mater.org.au/Home/Services/Mater-ChildCare,85,Y,N,Y,6:30am - 6:00pm,6 weeks -  5 years,,,,
Meadowbrook Childcare Centre,16 Yeates Crs,Meadowbrook,QLD,4131,07 38053341,meadowbrookccc@live.com.au,,67,N,N,Y,6:00am - 6:00pm,6 weeks -  5 years,,,,
Milton Road Childrens Centre,467 Milton Rd,Auchenflower,QLD,4066,07 38700211,miltonroadcc@live.com,,79,Y,N,Y,6:30am - 6:00pm,6 weeks -  5 years,,,,
KAL Child Care Services Mini Mee's Child Care Centre,298 Bayliss Rd,Heritage Park,QLD,4118,07 38032599,minimees@kal.net.au,http://www.kal.net.au/home/centres/item/mini-mees-child-care-centre.html?category_id=1,,N,N,N,6:00am - 6:00pm,6 weeks -  12 years,,,,
Mitchelton Child Care Centre & Pre School,Cnr Church & Blaker Rds,Mitchelton,QLD,4053,07 33541853,info@mitcheltonccc.com,www.mitcheltonccc.com,,,,,6:30am - 6:00pm,6 weeks -  5 years,,,,
Molly's House,139 Turner Rd,Kedron,QLD,4031,07 33505023,,,,,,,7:00am - 6:00pm,,,,,
Inside Outside Montessori Childcare Taringa,5 Woolley St,Taringa,QLD,4068,07 37200361,iomch@tpg.com.au,http://www.montessorichildcare.com.au/taringa-home-page.html,,,,,7:30am - 6:00pm,,,,,
Montessori Garden Early Learning & Childcare Centre,2784 Logan Rd,Underwood,QLD,4119,07 38411673,montessorigarden@hotmail.com,www.montessorigarden.com.au,68,N,N,N,6:30am - 6:30pm,6 weeks -  5 years,,,,
Giggles The Montessori Journey Wynnum,95 Glenora St,Wynnum,QLD,4178,07 33968800,info@montessorijourney.com.au,http://www.montessorijourney.com.au/,69,N,N,N,7:30am - 4:00pm,3 years - 6 years,,,,
Moorooka - St Brendan's Child Care Centre,80 Hamilton Rd,Moorooka,QLD,4105,07 32751741,,http://www.stbrendansccc.com.au/,,N,N,N,6:30am - 6:00pm,15 months - 5 years,,,,
Moorooka Early Learning Centre,14 Sherley St,Moorooka,QLD,4105,07 38924429,director@moorookaearlylearning.com.au,http://www.moorookaearlylearning.com.au/,66,N,N,N,6:30am - 6:30pm,,,,,
Moreton Bay Childcare & Development Centre,183 Radford Rd,Manly West,QLD,4179,07 33961388,info@moretonbaycc.com.au,,79,N,N,N,6:45am - 6:15pm,13 months - 5 years,,,,
Morningside Child Care Centre,5 Windermere Ave,Morningside,QLD,4170,07 33994198,,,,,,,,,,,,
Mother Duck Child Care & Pre-School Centre Carindale,40 Scrub Rd,Carindale,QLD,4152,07 38435577,Carindale@MotherDuck.com.au,www.motherduck.com.au,,,,,6:30am - 6:30pm,0 weeks - 5 years,,,,
Mother Duck Child Care & Pre-School Centre Bellbowrie,38 Sugarwood St,Bellbowrie,QLD,4070,07 32028844,Bellbowrie@MotherDuck.com.au,http://www.motherduck.com.au/our-centres/bellbowrie,,,,,6:30am - 6:30pm,0 weeks - 5 years,,,,
Mother Duck Child Care & Pre-School Centre Eatons Hill,Eaton Central Bunya Park Drv,Eatons Hill,QLD,4037,07 32646277,EatonsHill@MotherDuck.com.au,http://www.motherduck.com.au/our-centres/eatons-hill,75.5,N,N,N,6:30am - 6:30pm,0 weeks - 5 years,,,,
Mother Duck Child Care & Pre-School Centre Kallangur,1370 Anzac Ave,Kallangur,QLD,4503,07 38860822,Kallangur@MotherDuck.com.au,http://www.motherduck.com.au/our-centres/kallangur,70,N,N,N,6:00am - 6:00pm,0 weeks - 5 years,,,,
Mother Duck Child Care & Pre-School Centres Bracken Ridge,96 Barrett St,Bracken Ridge,QLD,4017,07 38693126,Brackenridge@motherduck.com.au,http://www.motherduck.com.au/our-centres/bracken-ridge,,,,,6:00am - 6:00pm,0 weeks - 5 years,,,,
Mother Duck Child Care & Pre-School Centre Gaythorne,23 Heliopolis Pde,Gaythorne,QLD,4051,07 38551090,Gaythorne@MotherDuck.com.au,http://www.motherduck.com.au/our-centres/gaythorne,,,,,6:30am - 6:30pm,0 weeks - 5 years,,,,
Mother Duck Child Care & Pre-School Centre Strathpine,61 Bells Pocket Rd,Strathpine,QLD,4500,07 38813000,Strathpine@MotherDuck.com.au,http://www.motherduck.com.au/our-centres/strathpine,,,,,6:00am - 6:00pm,0 weeks - 5 years,,,,
Mother Duck Child Care & Pre-School Centre Petrie,16 Reid St,Petrie,QLD,4502,07 32857088,petrie@MotherDuck.com.au,http://www.motherduck.com.au/our-centres/petrie,69.75,N,N,N,6:00am - 6:00pm,13 months - 5 years,,,,
Mother Duck Child Care & Preschool Centre Manly,59 Manly Rd,Manly,QLD,4179,07 33933544,Manly@MotherDuck.com.au,http://www.motherduck.com.au/our-centres/manly,,,,,6:30am - 6:30pm,0 weeks - 5 years,,,,
Mother Duck Child Care & Preschool Centre Wynnum,405 Tingal Road,Wynnum,QLD,4178,07 3162 6150,wynnum@MotherDuck.com.au,http://www.motherduck.com.au/our-centres/wynnum,72.5,N,N,N,,0 weeks - 5 years,,,Opens Apr 2014,
Mother Duck Childcare & Pre-School Centre Lawnton,1 Station Rd,Lawnton,QLD,4501,07 32856595,Lawnton@MotherDuck.com.au,http://www.motherduck.com.au/our-centres/lawnton,,,,,6:00am - 6:00pm,0 weeks - 5 years,,,,
Mother Duck Childcare and Pre-school Centres Enoggera,36 Glenalva Tce,Enoggera,QLD,4051,07 33564954,Enoggera@MotherDuck.com.au,w.motherduck.com.au/our-centres/enoggera,73.75,N,N,N,6:00am - 6:00pm,0 weeks - 5 years,,,,
Little Teds Child Care Centre,20 Ellen St,Oxley,QLD,4075,07 33792177,oxley@littleteds.com.au,www.littleteds.com.au,,,,,6:30am - 6:30pm,15 months - 5 years,,,,
Goodstart Early Learning Centre Mowbray House ,153 Mowbray Tce,East Brisbane,QLD,4169,07 38912574,ebr@goodstart.org.au,http://www.goodstart.org.au/centres/east-brisbane/overview,85.2,Y,N,Y,6:30am - 6:00pm,6 weeks - 6 years,N,Y,,
KAL Child Care Management Mt Gravatt East Early Learning Centre,134 Newnham Rd,Mount Gravatt East,QLD,4122,07 36355700,mtgravatteast@kal.net.au,http://www.kal.net.au/home/centres/item/mt-gravatt-east-early-learning-centre.html?category_id=1,,N,N,S,6:15am - 6:15pm,6 weeks - 6 years,,,,
Mt. Cotton Village Child Care Centre ,50 Valley Way,Mount Cotton,QLD,4165,07 38299675,,http://www.mtcottonchildcare.com.au/child-care-centres/mt-cotton-village-child-care-centre/,,N,N,Y,6:30am - 6:30pm,,N,Y,,
Mueller College Kindergarten & Child Care Centre,75 Morris Rd,Rothwell,QLD,4022,07 38972756,,http://www.mueller.qld.edu.au/earlylearningcentre/,,,,,6:30am - 6:00pm,6 weeks - 6 years,N,Y,,
Goodstart Early Learning Centre Coopers Plains,483 Musgrave Rd,Coopers Plains,QLD,4108,07 33446624,cpi@goodstart.org.au,http://www.goodstart.org.au/centres/coopers-plains/overview,74.5,Y,N,S,6:30 am to 6:00 Ppm,6 weeks - 6 years,Y,Y,,
Nazareth Child Care Kindergarten & Pre-School,20 Hawthorne St,Woolloongabba,QLD,4102,07 38911016,nazareth.elc@qlecs.org.au,http://www.qlecs.org.au/index.php?ref=MTkwOA==,67.5,N,Y,,7:30am - 6:00pm,6 weeks - 5 years,N,Y,,
New Life Lutheran Child Care Centre ,108 Middle Rd,Hillcrest,QLD,4118,07 38001299,newlife.ccc@qlecs.org.au,http://www.qlecs.org.au/index.php?ref=MTk2OQ==,65,Y,N,Y,6:30am - 6:00pm,6 weeks - 5 years,N,Y,,
Rising Stars Newmarket Early Learning Centre,(Cnr Enoggera Rd & Thurlow St) 18 Enoggera Rd,Newmarket,QLD,4051,07 33526501,admin@risingstarsnewmarket.com,http://www.risingstarselc.com/newmarket/,79,Y,N,S,6:30am - 6:30pm,0 months - 5 years,,,,
Norfolk St Childrens Centre,22 Norfolk St,Coorparoo,QLD,4151,07 38477884,info@norfolkstchildcare.com.au,http://www.norfolkstreetchildcare.com.au/,96,Y,N,Y,7:00am - 6:00pm,0 months - 5 years,,,,
North Lakes Kids Early Learning Centre,2 Foundation St,North Lakes,QLD,4509,07 34917243,northlakeskids@bigpond.com,http://www.kidsearlylearningcentre.com/#!northlakes-kids/cc2y,,Y,Y,Y,6:30am - 6:30pm,6 weeks - 5 years,,,,
Northgate Early Childhood Centre,124 Northgate Rd,Northgate,QLD,4013,07 32661052,ngccc@bigpond.com,http://northgatechildcarecentre.com.au/,74,N,N,S,6:30am - 6:00pm,15 months - 5 years,,,,
World of Learning Nottingham ,49 Nottingham Rd,Calamvale,QLD,4116,07 32721022,nottingham@worldoflearning.com.au,http://www.worldoflearning.com.au/centres/nottingham-world-of-learning/,79,Y,N,Y,6:30am - 6:30pm,15 months - 5 years,N,Y,,
Nurseryland Child Care Stafford Heights,"Stafford Heights Primary School, 1 Redwood St",Stafford Heights,QLD,4053,07 38614652,,http://nurserylandchildcare.com.au/,,,,,7:00am - 6:00pm,,,,,
Nurseryland Early Child Care Centre The Grange,Progress Rd,Alderley,QLD,4051,07 33564967,grange@nurserylandchildcare.com.au,http://nurserylandchildcare.com.au/,,,,,7:00am - 6:00pm,15 months - 6 years,,,,
Nurseryland Early Childhood Learning Centres Stafford,MacNaughton St,Stafford,QLD,4053,07 33564967,stafford@nurserylandchildcare.com.au,http://nurserylandchildcare.com.au/,,,,,7:00am - 6:00pm,6 weeks - 6 years,,,,
Oaklands Child Care & Kindergarten,2 Oaklands Pde,East Brisbane,QLD,4169,07 33912769,director@oaklandschildcare.com.au,www.oaklandschildcare.com.au,95,,,,6:30am - 6:30pm,6 weeks - 6 years,N,Y,,
Okeedokee Early Learning Centre,119 Bennetts Rd,Norman Park,QLD,4170,07 33248887,info@okeedokeekids.com.au,http://www.okeedokeekids.com.au,85,N,N,N,7:00am - 6:00pm,6 weeks - 6 years,N,Y,,
Ormiston College Early Learning Centre,97 Dundas St West,Ormiston,QLD,4160,07 34956001,ocelc@ormistoncollege.com.au.,http://www.ormiston.qld.edu.au/content.cfm/Early_Learning_Centre/9/,75,N,N,S,7:00am - 6:00pm,15 months - 5 years,N,,,
Ormiston Pre School & Child Care Centre,35 Gordon St,Ormiston,QLD,4160,07 32863166,,,,,,,6:30am - 6:00pm,,,,,
Queensland Child Care Services PA Hospital Early Education Centre,Princess Alexandra Hospital Gr L1 Carpark Off OKeefe St,Woolloongabba,QLD,4102,07 33920039,pahospital@qccs.com.au,http://www.qccs.com.au/skins/qccs/pages/centredetails.aspx?code=26&name=PA+Hospital+Early+Education+Centre,83,N,N,Y,6:00am - 6:00pm,6 weeks - 5 years,Y,,,
Early Birds Education & Care Rochedale,190 Parfrey Rd,Rochedale South,QLD,4123,07 38411527,rochedale@earlybirds.net.au,http://www.earlybirds.net.au/index.php?page=parfrey,65,N,N,Y,6:30am - 6:00pm,2 years - 5 years,N,,,
Park Ridge Childcare & Preschool,79 Talinga Drv,Park Ridge,QLD,4125,07 32970831,office@parkridgechildcare.com.au,www.parkridgechildcare.com.au,75,Y,N,Y,6:30am - 6:30pm,6 weeks -  5 years,N,,,
World of Learning Parkinson,375 Nottingham Rd,Parkinson,QLD,4115,07 32726481,learn@worldoflearning.com.au,www.worldoflearning.com.au,83.5,Y,N,N,6:30am - 6:00pm,,,,,
Parklands Drive Early Education and Kindergarten,88 Parklands Drv,Boronia Heights,QLD,4124,07 38007377,enquiries@parklands-kids.com.au,http://www.parklands-kids.com.au/,,,,,6:30am - 6:30pm,15 months - 6 years,N,Y,,
Peter Pan Child Care & Pre-School Centre,13 Shire Rd,Mount Gravatt,QLD,4122,07 33494022,peterpanchildcare@bigpond.com,,,,,,7:00am - 6:00pm,,,,,
Peter Pan Wholistic Early Childhood Centre,22a Eva St,Coorparoo,QLD,4151,07 33975601,mail@ppccc.com.au,http://www.ppccc.com.au/,87,N,N,Y,7:00am - 6:00pm,15 months - 6 years,,,,
Goodstart Early Learning Wynnum West,203 Wondall Rd,Wynnum West,QLD,4178,07 33960096,zae@goodstart.org.au,http://www.goodstart.org.au/centres/wynnum-west-wondall-road/overview,80.4,Y,N,Y,7:00am - 6:00pm,6 weeks - 5 years,N,Y,,
Petrie Kids Korner,Lot 1 Beeville Rd,Petrie,QLD,4502,07 32853589,pkk07@optusnet.com.au,http://petriekidskorner.com/,52,N,N,S,7:00am - 6:00pm,2 years - 5 years,N,Y,,
Queensland Childcare ServicesPickering Street Early Education Centre,191 Pickering St,Enoggera,QLD,4051,07 33550120,pickering@qccs.com.au,http://www.qccs.com.au/skins/qccs/pages/centredetails.aspx?code=29&name=Pickering+Street+Early+Education+Centre,85,N,N,Y,6:15am - 6:15pm,6 weeks - 6 years,N,Y,,
Pine Mountain Road Child Care & Nursery Centre,289 Pine Mountain Rd,Mount Gravatt,QLD,4122,07 33494609,pmrccc@bigpond.com.au,www.pmrccc.com.au,,,,,6:30am - 6:30pm,6 weeks -  5 years,N,Y,,
Pine Rivers Learning And Development Centre,Cnr Todds Rd & Colleen St,Lawnton,QLD,4501,07 32857835,prldc@ecn.net.au,,70,N,N,Y,6:30am - 6:00pm,6 weeks -  5 years,N,,,
Play & Learn Early Learning Centre,6 Bismark St,Loganholme,QLD,4129,07 38012475,,http://loganholme.playandlearn.com.au/,$74.00,Y,N,Y,6:30am - 6:30pm,15 months - 5 years,N,,,
Community Kids Annerley,25 Villa St,Annerley,QLD,4103,07 3848 0272,annerley@communitykids.net.au,http://www.communitykids.com.au/centres/community-kids-annerley/,87,Y,N,S,6:00am - 6:00pm,6 weeks - 6 years,N,,,
Playmates Early Learning Centre,5 Oakmont Ave,Oxley,QLD,4075,07 38792799,playitsafe@dodo.com.au,http://www.playmatesoxley.com.au/,,N,N,N,6:15am - 6:15pm,0 weeks - 5 years,N,,,
Taigum Kids Early Learning Centre 1,263 Handford Rd,Taigum,QLD,4018,07 3865 8234,taigumkids2@optusnet.com.au,,79,Y,N,S,6:30am - 6:30pm,6 weeks - 4 years,N,,,
Playtime Child Care Centre & Preschool,6 Juers St,Kingston,QLD,4114,07 32903688,,,,,,,,,,,,
Bray Park Childcare Centre,Shp6/ 245 Francis Rd,Bray Park,QLD,4500,07 38826425,brayparkchildcare@tpg.com.au,http://www.brayparkchildcare.com.au,67,Y,Y,Y,6:30am - 6:30pm,6 weeks - 4 years,N,,,
Natural Elements Learning Centre,124-126 River Hills Rd,Eagleby,QLD,4207,0408 873 492,,,,,,,6:00am - 6:00pm,,,,,
Queensland Childcare Services Prince Charles Hospital Early Education Centre,Cnr Farnell & Hamilton Rd,Chermside,QLD,4032,07 33596082,princecharles@qccs.com.au,http://www.qccs.com.au/skins/qccs/pages/centredetails.aspx?code=8&name=Chermside+Early+Education+Centre+%26+Pre-school,81,N,N,Y,6:00am - 6:00pm,6 weeks - 4 years,Y,,,
Prior Street Child Care & Development,14 Prior St,Tarragindi,QLD,4121,07 38486024,psccd@tpg.com.au,http://www.psccd.com.au/,90,N,N,N,7:00am - 6:00pm,6 weeks - 4 years,N,,,
Puss In Boots Child Care & Kindergarten,Thynne Rd (cnr Pashen St),Morningside,QLD,4170,07 33995931,,,,,,,6:30am - 6:00pm,,,,,
Queensland Child Care Services Woodcrest 1-4 Early Education Centre & Pre-school,28 Woodcrest Way,Springfield,QLD,4300,07 38189933,woodcrest@qccs.com.au,http://www.qccs.com.au/skins/qccs/pages/centredetails.aspx?code=20&name=Woodcrest+1-4+Early+Education+Centre+%26+Pre-school,,N,N,Y,,0 weeks - 14 years,,,,
Queesland Childcare Services The Woods Early Education Centre and Pre-school,84 Royal Pde,Ashgrove,QLD,4060,07 33663322,thewoods@qccs.com.au,http://www.qccs.com.au/skins/qccs/pages/centredetails.aspx?code=1&name=The+Woods+Early+Education+Centre+%26+Pre-school,83.5,N,N,Y,6:30am - 6:00pm,6 weeks - 4 years,N,,,
C & K QUT Gardens Point Community Childcare Centre,"X Block, 2 George Street, QUT Gardens Point",Brisbane,QLD,4001,07 31381690,d.chappell@candk.asn.au,http://www.candk.asn.au/ck-qut-gardens-point-community-childcare-centre,,,,,,,,,Open 2014,
Goodstart Early Learning Rothwell,4 McGahey St,Rothwell,QLD,4022,07 32047100,rot@goodstart.org.au,http://www.goodstart.org.au/centres/rothwell/overview,73.3,Y,N,S,6:00am - 6:00pm,6 weeks - 5 years,Y,,,
Rainbow Corner Child Care Centre,125 Castile Crs,Edens Landing,QLD,4207,07 38053627,rainbowcorner@bigpond.com,http://www.rainbowcornerchildcare.com.au/,,N,N,Y,6:30am - 6:00pm,6 weeks 12 years,Y,,,
Goodstart Early Learning Red Hill ,19 Fulcher Rd,Red Hill,QLD,4059,07 33662411,kse@goodstart.org.au,http://www.goodstart.org.au/centres/red-hill/services,86.2,N,N,Y,6:30am - 6:30pm,15 months - 5 years,N,,,
Redland Bay Early Education Centre,92- 96 Gordon Rd,Redland Bay,QLD,4165,07 38292100,redlandbayeec@tpg.com.au,,85,Y,N,Y,6:30am - 6:00pm,6 weeks - 5 years,N,,,
Regents Park Childcare Centre,133 Lamberth Rd,Regents Park,QLD,4118,07 38067788,rpccc@idx.com.au,,74,N,N,Y,6:30am - 6:00pm,6 weeks - 5 years,N,,,
World Of Learning River City,4/95 Boundary Street,Brisbane,QLD,4000,07 3832 4646,rivercity@worldoflearning.com.au,http://www.worldoflearning.com.au/centres/river-city-world-of-learning/,109,Y,Y,Y,6:30am - 6:30pm,6 weeks - 5 years,N,,,
Riverhills Childcare Centre and Kindergarten,20 Bogong St,Riverhills,QLD,4074,07 33761665,riverhills@rambomail.com.au,http://www.riverhillscck.com/,64,,,,6:30am - 6:30pm,15 months - 12 years,,,,
Rochedale Christian Childrens Centre,19 Beverley Ave,Rochedale South,QLD,4123,07 33414822,idhptyltd@bigpond.com,,,,,,,,,,,
Rochedale Community Centre Inc,38 Sunningdale Ave,Rochedale,QLD,4123,07 33410440,,,,,,,,,,,,
Rochedale Community Child Care Centre,38 Sunningdale Ave,Rochedale,QLD,4123,07 33410440,,,,,,,,,,,,
Rochedale Early Childhood Centre & Preschool,991 Rochedale Rd,Rochedale,QLD,4123,07 38415544,,www.recc.com.au,,,,,,,,,,
Rose Rainbow Kindergarten & Pre-School,Cnr Finucane Rd & St Anthonys Drv,Alexandra Hills,QLD,4161,07 38242018,rrkindy@bigpond.net.au,,55,N,N,N,6:45am - 6:00pm,4 years - 5 years,N,,,
Avenues Early Learning Centre Runcorn Heights ,124a Nemies Rd,Runcorn Heights,QLD,4113,07 32760200,rh@avchildcare.com.au,http://avenueschildcare.com.au/locations/runcorn-heights/,,Y,N,Y,6:30am - 6:00pm,6 weeks -  12 years,Y,Y,,
Samford Pines Child Care,29 Camp Mountain Rd,Samford,QLD,4520,07 32892699,samfordpinescc1@bigpond.com,www.samfordpines.com.au,68,N,N,N,6:45 - 6:15pm,6 weeks -  5 years,,,,
Samford Valley Steiner School Early Childhood Centre,5 Narrawa Drive,Wights Mountain,QLD,4520,07 3430 9600,info@samfordsteiner.qld.edu.au,http://samfordsteiner.qld.edu.au,,N,N,N,,4 years - 5 years,N,,,
Scallywags Childcare Pty Ltd,53 Klumpp Rd,Upper Mt Gravatt,QLD,4122,07 38497330,admin@scallywagsccc.com.au,www.scallywagsccc.com.au,73,N,N,N,7:00am - 6:00pm,6 weeks - 6 years,,,,
Seeds Early Learning Centre Carina,Cnr Meadowlands Rd & Epala St,Carina,QLD,4152,07 38436170, carindale@seedsearlylearning.com.au,www.seedsearlylearning.com.au,,,,,7:00am - 6:00pm,6 weeks -  12 years,N,Y,,
Sesame Lane Child Care Kippa-Ring 1,20 - 36 Regency St,Kippa-Ring,QLD,4021,07 34808000,kipparing1@sesamelane.com.au,http://www.sesamelane.com.au/sesamelanekipparing1,67,Y,N,Y,6:30am - 6:30pm,6 weeks -  12 years,Y,Y,,
Sesame Lane Child Care Rothwell,Linthaven Drv,Rothwell,QLD,4022,07 32047400,rothwell@sesamelane.com.au,http://sesamelane.com.au/rothwell,67,Y,N,Y,6:30am - 6:30pm,6 weeks -  12 years,Y,Y,,
Sesame Lane Child Care North Lakes 1,Cnr Discovery Drv & Gardenia St,North Lakes,QLD,4509,07 34919466,northlakes2@sesamelane.com.au,http://www.sesamelane.com.au/northlakes1,67,Y,N,Y,6:30am - 6:30pm,6 weeks -  12 years,Y,Y,,
Sesame Lane Child Care Narangba 1,Banyan St,Narangba,QLD,4504,07 38869800,narangba@sesamelane.com.au,http://sesamelane.com.au/sesamelanenarangba1,67,Y,N,Y,6:30am - 6:30pm,6 weeks -  12 years,Y,Y,,
Sesame Lane Child Care Narangba 2,Cotton Tree Drv,Narangba,QLD,4504,07 33855277,narangba2@sesamelane.com.au,http://sesamelane.com.au/sesamelanenarangba2,67,Y,N,Y,6:30am - 6:30pm,6 weeks -  12 years,Y,Y,,
Sesame Lane Child Care Kippa-Ring 3,20  36 Regency Street,Kippa-Ring,QLD,4021, 07 3480 8030,kipparing3@sesamelane.com.au,http://sesamelane.com.au/sesamelanekipparing3,67,Y,N,Y,6:30am - 6:30pm,6 weeks -  12 years,,,,
Sesame Lane Child Care Kippa-Ring 2,20  36 Regency Street,Kippa-Ring,QLD,4021,07 34808000,kipparing2@sesamelane.com.au,http://sesamelane.com.au/sesamelanekipparing2,67,Y,N,Y,6:30am - 6:30pm,6 weeks -  12 years,,,,
Sesame Lane Child Care Clontarf Beach,Lucinda St,Clontarf Beach,QLD,4019,07 32836455,clontarf@sesamelane.com.au,http://www.sesamelane.com.au/sesamelaneclontarf,67,Y,N,Y,6:30am - 6:30pm,6 weeks - 5 years,N,Y,,
Sesame Lane Child Care North Lakes 3,67 Astley Parade,North Lakes,QLD,4509,07 3491 7240,northlakes3@sesamelane.com.au,http://sesamelane.com.au/northlakes3,67,Y,N,Y,6:30am - 6:30pm,6 weeks -  12 years,Y,,,
Sesame Lane Child Care North Lakes 2,16 Joyner Circuit,North Lakes,QLD,4509,07 34917013,northlakes2@sesamelane.com.au,http://www.sesamelane.com.au/northlakes2,67,Y,N,Y,6:30am - 6:30pm,6 weeks - 5 years,,,,
Sesame Lane Child Care Redcliff,139 Anzac Ave,Redcliffe,QLD,4020,07 3283 3083,redcliffe@sesamelane.com.au,http://www.sesamelane.com.au/redcliffe,67,Y,N,Y,6:30am - 6:30pm,6 weeks - 5 years,N,,,
Shailer Park Early Childhood Centre,359 Chatswood Rd,Shailer Park,QLD,4128,07 38014666,specc@bigpond.com,,,,,,7:00am - 6:00pm,,,,,
Sherwood Forest Children's Centre,16 Thallon St,Sherwood,QLD,4075,07 33794876,sforest@bigpond.net.au,,,,,,6:30am - 6:30pm,,N,,,
Kallangur Child Care,90 Brickworks Rd,Kallangur,QLD,4503,07 32044800,,http://www.kallangurchildcare.com.au/,,N,N,N,6:30am - 6:30pm,6 weeks - 5 years,N,,,
Silky Oaks Child Care Centre,218 Manly Rd,Manly,QLD,4179,07 39068855,,http://www.silkyoakschildcare.org.au/,,N,N,N,7:00am - 6:00pm,6 weeks - 5 years,N,,,
Goodstart Mayfair Drive Browns Plains,2 - 6 Mayfair Drv,Browns Plains,QLD,4118,07 3809 4200,zbt@goodstart.org.au,http://www.goodstart.org.au/centres/browns-plains-north/overview,74.3,Y,Y,Y,6:30am - 6:30pm,6 weeks - 5 years,N,,,
Smarter Kids On Edward,Level One  288 Edward Street,Brisbane,QLD,4000,07 3211 7737,brisbane@smarterkids.com.au,http://www.smarterkids.com.au/,102.5,N,N,Y,7:00am - 6:00pm,6 weeks - 5 years,N,,,
Smarter Kids On George,400 George St,Brisbane,QLD,4000,07 3211 2537,george@smarterkids.com.au,http://www.smarterkids.com.au/,110,Y,N,Y,7:00am - 6:00pm,6 weeks - 5 years,N,Y,,
Sunny Faces Eary Learning Centre,23 Smith Rd,Woodridge,QLD,4114,07 3209 3800,admin@sunyfaceselc.org,http://www.sunnyfaceselc.org/,65,Y,N,Y,6:00am - 6:00pm,6 weeks - 5 years,N,,,
Snugglepot Garden Early Learning Centre,86 Whitehorse Rd,Dakabin,QLD,4503,07 34918059,snugglepotgarden@gmail.com,,70,Y,N,Y,6:30am - 6:30pm,6 weeks - 5 years,,,,
Community Kids Enoggera,62 Sicklefield Rd,Enoggera,QLD,4051,07 33552255,enoggera@communitykids.net.au,http://www.communitykids.com.au/centres/community-kids-enoggera/,84,Y,Y,Y,6:15am - 6:15pm,12 months - 6 years,N,,,
Southbank Tafe Childcare Centre,Ernest St,South Brisbane,QLD,4101,07 32445130,,,,,,Y,,6 weeks - 5 years,N,Y,,
Queensland Childcare Services Springwood Early Education Centre & Pre-School,20 Dennis Rd,Springwood,QLD,4127,07 38083733,springwood@qccs.com.au,http://www.qccs.com.au/skins/qccs/pages/centredetails.aspx?code=21,77.5,N,N,N,6:00am to 6:00pm,6 weeks - 5 years,,,,
St Alban's Wilston Early Childhood Centre,47 Lovedale Street,Wilston,QLD,4051,07 3835 2215,stalbanswilstonecc@tpg.com.au,,,,,,,,,,,
Centrecare St Anthony's Kindergarten Alexandra Hills,St Anthony's Dr,Alexandra Hills,QLD,4161,07 3824 5061,alexandrahillskindy@bne.centacare.net.au,http://www.stanthonysalexhills.qld.edu.au/html/enrolments/enrol_info.html,,N,N,N,,4 years - 5 years,N,,,
Centrecare St Augustine's Child Care Centre,50B St Augustine's Drive,Springfield,QLD,4300,07 3814 0299,springfieldldc@bne.centacare.net.au,,72,N,N,Y,7:00am - 6:00pm,6 weeks - 5 years,N,,,
St Francis Xavier Kindergarten Goodna,6 Church Road,Goodna,QLD,4300,07 3381 8872,goodnakindy@bne.centacare.net.au,,,,,,,4 years - 5 years,,,,
Centrecare St Luke's Catholic Parish Child Care Centre,51 Degen Road,Capalaba,QLD,4157,07 3245 3300,capalabaldc@bne.centacare.net.au,,67,N,N,Y,7:00am - 6:00pm,6 weeks - 5 years,N,,,
St Mark's Lutheran Early Learning Centre,Burcote St,Mount Gravatt,QLD,4122,07 33494576,stmarkselc@internode.on.net,,69,N,N,Y,7:00am - 5:45pm,6 weeks - 5 years,N,Y,,
St Paul's Lutheran Child Care Centre,72 Buckland Rd,Nundah,QLD,4012,07 32667551,stpauls.childcare@westnet.com.au,www.stpaulschildcare.com.au,77,N,N,N,7:00am - 6:00pm,6 weeks - 5 years,N,Y,,
St. James Lutheran Community Kindergarten and Care,29 Waterloo St,Cleveland,QLD,4163,07 32861953,admin@stjameskindychildcare.net.au,http://www.stjameskindychildcare.net.au/,65,N,N,N,7:30am - 5:30pm,6 weeks -  5 years,N,,,
Goodstart Stafford Heights Nursery & Child Care,191 Appleby Rd,Stafford Heights,QLD,4053,07 35504688,sht@goodstart.org.au,http://www.goodstart.org.au/centres/stafford-heights/overview,74.5,N,N,N,6:30am - 6:00pm,6 weeks - 5 years,N,,,
Centrecare Star Of The Sea Catholic Child Care Centre - Cleveland,4 Longland Street,Cleveland,QLD,4163,07 3821 2999,dir.clevelandldc@bne.centacare.net.au,,76.5,N,N,Y,7:00am - 6:00pm,6 weeks - 5 years,N,,,
Gumtree Cottage Everton Park,122 Rogers Pde East,Everton Park,QLD,4053,07 33530244,admin@gumtreecottage.com.au,www.gumtreecottage.com.au,77,N,N,Y,6:30am - 6:30pm,6 weeks - 5 years,N,Y,,
Stones Corner Children's Development Centre,22 Edith St,Stones Corner,QLD,4120,07 33944605,admin@scccc.com.au,www.scccc.com.au,80,N,N,N,7:00am - 6:00pm,6 weeks - 12 years,N,,,
Storytime Child Care and Montessori Early Learning -Tingalpa,10 Athlone St,Tingalpa,QLD,4173,07 33908883,director@montessoriearlylearning.com.au,http://www.montessoriearlylearning.com.au/,74,N,N,N,6:45am - 5:45pm,2 years - 5 years,N,,,
Stradbroke Early Learning Centre,6 Ballow Rd,Dunwich,QLD,4183,07 34099093,,www.straddiechildcare.com,61,N,N,N,6:30am - 6:00pm,6 weeks - 5 years,N,,,
Strathpine Community Kindergarten & Pre-School Association,9-11 Brennan Pde,Strathpine,QLD,4500,07 32051447,admin@strathpinekindy.com,,,,,,,4 years - 5 years,N,,,
Strathpine Trainease Station Child Care Centre,356 Gympie Rd,Strathpine,QLD,4500,07 38897420,traineas@tpg.com.au,http://www.trainease.com.au/,$77.00,N,N,Y,7:00am - 6:00pm,6 weeks 5 years,N,,,
Sunkids Children's Centre Oxley,5 Oakmont Avenue,Oxley,QLD,4075,07 3879 2799,oxley@sunkids.com.au,http://oxleychildcare.net.au/,78.5,N,N,N,6:15am - 6:15pm,6 weeks - 5 years,N,,,
Sunkids Children's Centre Boondall East,2345 Sandgate Road,Boondall East,QLD,4034,07 38633323,boondalleast@sunkids.com.au,http://boondallchildcare.net.au/,78,N,N,N,6:15am - 6:15pm,6 weeks - 5 years,N,,,
Sunkids Children's Centre - Ormiston,70 Wellington St,Ormiston,QLD,4160,07 32862900,ormiston@sunkids.com.au,ttp://ormistonchildcare.com.au/,82.5,N,N,N,6:00am - 6:00pm,6 weeks - 5 years,N,,,
Sunkids Children's Centre - Boondall,161 Muller Rd,Boondall,QLD,4034,07 32656130,boondalleast@sunkids.com.au,http://boondallchildcare.com.au/,78,N,N,N,6:15am - 6:15pm,6 weeks - 5 years,N,,,
Sunkids Children's Centre - Eight Mile Plains,32 Gaskell St,Eight Mile Plains,QLD,4113,07 34231122,eightmileplains@sunkids.com.au,http://eightmileplainschildcare.com.au/,79,N,N,N,6:00am - 6:00pm,6 weeks -  5 years,N,,,
Sunkids Children's Centre - Hillcrest,48- 54 Middle Rd,Hillcrest,QLD,4118,07 38004444,hillcrest@sunkids.com.au,http://hillcrestchildcare.com.au/,78,N,N,N,6:00am - 6:00pm,6 weeks  - 3 years,N,,,
Sunkids Children's Centre 1 - Springwood,184 Springwood Rd,Springwood,QLD,4127,07 38089100,springwood2@sunkids.com.au,http://springwoodchildcare.com.au/,79,N,N,N,6:30am - 6:30pm,6 weeks - 5 years,N,,,
Sunny Hills Child Care & Education Centres,101 Borella Rd,Sunnybank Hills,QLD,4109,07 33455500,sunnyhills2@bigpond.com,,77,,,,7:30am - 5:30pm,13months - 3 years,N,,,
Sunnybank Anglican Child Care Centre,73 Everest Street,SUNNYBANK,QLD,4109,07 33441868,saccc@bigpond.com,,,,,,7:15am - 5:45pm,,,,,
Sunnybank Child Care & Early Education Centre,88 Lister Rd,Sunnybank,QLD,4109,07 33451824,thedirector@sunnybankccc.com.au,,75.5,Y,N,Y,7:00am - 6:30pm,6 weeks - 5 years,,,,
Swallow Street Child Care Association,101 Swallow St,Inala,QLD,4077,07 33724894,,,,,,,6:00am - 6:00pm,,,,,
Tadpoles Early Learning Centre Cashmere,Cnr Sarow Dr & Ira Buckby Rd,Cashmere,QLD,4500,07 38826803,cashmere@tadpoles.com.au,http://www.tadpoles.com.au/our-locations/tadpoles-cashmere.html,78.5,N,N,Y,6:30am - 6:30pm,6 weeks - 5 years,N,Y,,
Tadpoles Early Learning Centre Eatons Hill,2-6 Harry Court,Eatons Hill,QLD,,07 3264 4177,eatonshill1@tadpoles.com.au,http://www.tadpoles.com.au/our-locations/tadpoles-eatons-hill.html,72.5,N,N,N,6:30am - 6:30pm,6 weeks - 6 years,N,Y,,
Tadpoles Early Learning Centre Lutwyche,112 Chalk St,Lutwyche,QLD,4030,07 33572922,info@tadpoles.com.au,http://www.tadpoles.com.au/our-locations/tadpoles-lutwyche.html,82.5,Y,N,Y,6:30am - 6:30pm,13 months - 5 years,N,Y,,
Tadpoles Early Learning Centre Narangba,10 Main St,Narangba,QLD,4504,07 38866578,narangba@tadpoles.com.au,http://www.tadpoles.com.au/our-locations/tadpoles-narangba.html,73,N,N,N,6:30am - 6:30pm,6 weeks - 5 years,N,Y,,
Tadpoles Early Learning Centre Taigum,215 Church Road,Taigum,QLD,4018,07 3865 2677,taigum@tadpoles.com.au,http://www.tadpoles.com.au/our-locations/tadpoles-taigum.html,81,Y,N,Y,6:30am - 6:30pm,6 weeks - 5 years,N,Y,,
Tadpoles Early Learning Centre Samford,Cnr Corbett & Chalmers Crt,Samford,QLD,4520,07 32893877,samford@tadpoles.com.au,http://www.tadpoles.com.au/our-locations/tadpoles-samford.html,78.5,Y,N,Y,6:30am - 6:30pm,6 weeks - 5 years,N,Y,,
Tadpoles Early Learning Centres - Brisbane Airport Centre,2 The Boulevard,Brisbane Airport,QLD,4007,07 3114 7240,airport@tadpoles.com.au,http://www.tadpoles.com.au/our-locations/tadpoles-brisbane-airport.html,82.5,Y,N,Y,6:30am - 6:30pm,6 weeks - 5 years,N,Y,,
Tadpoles Early Learning Centres Deception Bay,Cnr Deception Bay Rd & Lipscombe Rd,Deception Bay,QLD,4508,07 32042999,,,,,,,,,N,Y,,
Taigum Child Edu-Care Centre,400 Church Rd,Taigum,QLD,4018,07 38657322,taigumeducare@optusnet.com.au,www.taigumchildeducare.com.au,,,,,,,,,,
Taigum Kids Early Learning Centre,263 Hanford Rd,Taigum,QLD,4018,07 38653163,taigumkids@optusnet.com.au,,79,Y,N,S,6:00am - 6:00pm,13 months - 4 years,N,,,
Tarragindi Child Care & Development,Cnr Toohey Rd & Prior St,Tarragindi,QLD,4121,07 33927110,tccd@iprimus.com.au,http://www.tccd.com.au/,97,Y,N,Y,7:00am - 6:00pm,6 weeks - 5 years,N,,,
The Gap Early Childhood Centre,1000 Waterworks Rd,The Gap,QLD,4061,07 33002043,tgecc@samford.net,,70,N,N,N,7:00am - 6:00pm,3 years - 4 years,N,,,
The Hills District Child Care Centre,1035 South Pine Rd,Everton Hills,QLD,4053,07 38554445,info@thehillschildecare.com.au,,75,N,N,Y,6:15am - 6:15pm,6 weeks - 4 years,,,,
The Kidz X-Press,Queen & Waterloo St,Cleveland,QLD,4163,07 38213511,kidzx-press@bigpond.com,,73,Y,N,Y,6:30am - 6:00pm,6 weeks - 4 years,Y,,,
The Munro Centre,Sir Fred Schonell Drive & Keith,St Lucia,QLD,4067,07 33652840,munrocentre@uqconnect.net,,87,N,N,N,7:30am - 5:30pm,6 weeks - 3 years,,,,
The Pines Childcare,29 Camp Mountain Rd,Samford,QLD,4520,07 32892699,samfordpinescc1@bigpond.com,www.samfordpines.com.au,68,N,N,Y,6:45am - 6:15pm,6 weeks - 6 years,N,,,
Tiggers Place Early Learning Centre,78 Logan Reserve Rd,Waterford West,QLD,4133,07 5559 0160,,,67,N,N,Y,6:00am - 6:00pm,13 months - 4 years,Y,,,
Tiny Tiger Early Learning Centre,18 Pine St,Runcorn,QLD,4113,07 38410633,,,64,Y,N,Y,7:00am - 6:00pm,6 weeks - 6 years,N,,,
Tiny Town Child Care & Kindergarten,92 Laurel St,Enoggera,QLD,4051,07 33559465,info@tinytown.com.au,http://tinytown.com.au/,52,N,N,N,8:15am - 4:15pm,2.5 years - 5 years,,,,
TLC Child Care Keperra,6-10 Camoola St,Keperra,QLD,4054,07 38512229,keperra@tlcchildcare.com.au,http://www.tlcchildcare.com.au/,78,Y,N,Y,6:00am - 6:00pm,6 weeks - 4 years,N,,,
TLC Childcare Meadowbrook,18- 22 Logandowns Drv,Meadowbrook,QLD,4131,07 3805 2711,meadowbrook@tlcchildcare.com.au,http://www.tlcchildcare.com.au/,73,Y,N,Y,6:00am - 6:00pm,6 weeks - 4 years,N,,,
TLC Childcare Sherwood,436 Oxley Rd,Sherwood,QLD,4075,07 32782444,sherwood@tlcchildcare.com.au,http://www.tlcchildcare.com.au/,81.5,Y,N,Y,6:15am - 6:15pm,6 weeks - 4 years,N,,,
TLC Childcare Sherwood,436 Oxley Rd,Sherwood,QLD,4075,07 33791599,sherwood@tlcchildcare.com.au,http://www.tlcchildcare.com.au/,81.5,Y,N,Y,6:15am - 6:15pm,6 weeks - 4 years,N,,,
Tufnell Child Care Centre,228- 230 Buckland Rd,Nundah,QLD,4012,07 36216400,tufnellchildcare@anglicare.brisbane.com,,,,,Y,,,,Y,,
Tumble Tots McDowell,3 Hackman Street,McDowell,QLD,4053,,corrina@tumbletots.com.au,http://www.tumbletots.com.au/mcdowall.html,79,N,N,N,7:00am - 6:00pm,6 weeks - 3 years,,,,
Tumble Tots Private Day Care Stafford,3 Wayne St,Stafford Heights,QLD,4053,07 33551228,kylie@tumbletots.com.au,http://www.tumbletots.com.au/stafford.html,79,N,N,N,7:00am - 6:00pm,3 years - 5 years,,,,
Uniting Care Community Toombul Early Childhood Centre,71 Hows Rd,Toombul,QLD,4012,07 3621 5340,TECC@uccommunity.org.au,http://www.uccommunity.org.au/childcare-toombul,82.5,Y,N,Y,7:00am - 6:00pm,6 weeks - 4 years,N,,,
Wandilla Magic,10 Wandilla Crs,Loganholme,QLD,4129,07 38011251,wandillamagic@bigpond.com.au,http://www.wandillamagic.com/,78,N,N,Y,6:30am - 6:30pm,6 weeks - 4 years,,,,
Waterford Kiddy Korner,Cnr Muchow Rd & Carnation St,Waterford,QLD,4133,07 38052092,,,,,,,,,,,,
Waterford Yellow Brick Road Childrens Centre,Allora St,Waterford,QLD,4133,07 32009852,,,,,,,,,,,,
Wellington Point Day Care Centre,Cnr Valley & Herbert Sts,Wellington Point,QLD,4160,07 38224699,welloday@pacific.net.au,http://www.wellingtonpointdaycare.com.au/,79.5,Y,N,Y,6:30am - 6:15pm,6 weeks - 16 years,N,,,
Wellington Point Early Learning Centre,15 Marlborough Rd,Wellington Point,QLD,4160,07 38225222,welptelc@childcaresolutions.net.au,http://www.wptearlylearning.com.au/,63.5,N,N,Y,6:30am - 6:00pm,6 months - 12 years,N,,,
Wesley Mission Toowong Child Care Centre,78 Sherwood Rd,Toowong,QLD,4066,07 33712232,toowongccc@wmb.org.au,http://www.wmb.org.au/page/Services/Child_Care/,,Y,Y,Y,7:30am - 5:30pm,6 weeks - 4 years,N,,,
West End Child Care Centre,86 Jane St,West End (Brisbane),QLD,4101,07 3844 1395,director@westendchildcare.com.au,http://www.westendchildcare.com.au/,,,,,7.00am - 6.00pm,6 weeks - 12 years,,,,
Westside Christian College Pre-Prep,65 Stuart Street,Goodna,QLD,4300,07 34379000,gdallinger@wcc.qld.edu.au,http://www.wcc.qld.edu.au/index.php/enrolment-enquiry/pre-prep-enrolment,,N,N,N,9.00am  2.30pm,4 years - 5 years,,,,
Whiz Kids Child Early Learning Centre Bracken Ridge,198 Barbour Rd,Bracken Ridge,QLD,4017,07 32615466,brackenridge@whizkids.net.au,http://www.whizkids.net.au/BrackenRidge/brackenridge.html,74,N,N,Y,6:30am - 6:00pm,15 months - 5 years,,,,
Whiz Kids Early Learning Centre Margate,Cnr Balmoral & Windsor Sts,Margate,QLD,4019,07 38833388,margate@whizkids.net.au,http://www.whizkids.net.au/Margate/margate.html,76,Y,N,Y,6:00am - 6:00pm,15 months - 5 years old,,,,
Windsor Neighbourhood Child Care Centre,17 Bonython Street,Windsor,QLD,4030,07 3857 1288,windsorldc@bne.centacare.net.au,,76.5,N,N,N,7:30am to 5:45pm,0 months - 4 years,,,,
Woodridge Childcare Education & Development Centre,66 Ewing Rd,Woodridge,QLD,4114,07 32082037,woodridgechildcare@bigpond.com,,57.9,N,N,,6:30am to 6:00pm,6 weeks - 5 years,,,,
World of Learning Algester,57 Endiandra St,Algester,QLD,4115,07 32735016,learn@worldoflearning.com.au,http://www.worldoflearning.com.au/centres/algester-world-of-learning/,81,Y,N,Y,6:45 am to 6:15 pm,15 months to 6 years,,,,
World Of Learning Samford,Cnr Mount Glorious Rd & Mary Ring Drive,Samford,QLD,4520,07 32891994,learn@worldoflearning.com.au,www.worldoflearning.com.au,,,,,,,,,,
Wynnum & Bayside Child Care Centre,64 Plaza St,Wynnum West,QLD,4178,07 38930272,wynbacc@bigpond.net.au,www.wynbaycc.com.au,78,N,N,N,6.45am to 6.00pm,6 weeks - 12 years,,,,
Yellow Brick Rd Child Care Centre,22 Crest St,Beenleigh,QLD,4207,07 32875777,ybccc@childcaresolutions.net.au,http://www.yellowbrickrdccc.com.au/,64,,,,6.30am to 6.00pm,6 weeks - 5 years,,,,
Yeronga Child Development Centre,45 Park Rd,Yeronga,QLD,4104,07 38484088,info@yerongachildcare.com,www.yerongachildcare.com,84.95,Y,N,Y,6:15am to 6:15pm,6 weeks - 5 years,,,,
Yeronga Village Child Care Centre,Crn 429 Fairfield Rd & Devon St,Yeronga,QLD,4104,07 38921647,yvchildcare@hotmail.com,http://www.yerongavillagechildcare.com.au/,80,N,N,Y,7.00am to 6.00pm,15 months to 5 years,,,,
YMCA Acacia Ridge Early Education Centre,Cnr Mannington Rd and Chifley St,Acacia Ridge,QLD,4110,07 3277 6333,ysouthcc@ymca.org.au,http://www.ymcachildcare.com.au/edc-acacia-ridge-home,72,N,N,Y,6:30am to 6:00pm,6 weeks - 5 years,,,,
YMCA Strathpine Early Education Centre,27 Dixon St,Strathpine,QLD,4500,07 3205 7333,strathcc@ymca.org.au; chantal.wise@ymca.org.au,http://www.ymcachildcare.com.au/edc-strathpine-home,73,N,N,Y,6.30am to 6.30pm,6 weeks - 5 years,,,,
Kids Early Learning Centre Raceview,80 Thonton Rd,Raceview,QLD,,07 3288 9944,director@raceviewkids.com.au,http://www.kidsearlylearningcentre.com/#!blank/c1dhr,,Y,N,Y,6.30am to 6.30pm,6 weeks - 5 years,,,,